Title,ImageName,URL,TAG
Title-less 1,jianping-he-poster-68dd3f4a717b60053e393477.jpg,https://videos.typographicposters.com/poster-p3/jianping-he/jianping-he-poster-68dd3f4a717b60053e393477.jpg,NAN
Title-less 2,jianping-he-poster-68de350aed26518636bbd70c.jpg,https://videos.typographicposters.com/poster-p3/jianping-he/jianping-he-poster-68de350aed26518636bbd70c.jpg,NAN
Seven Intellectuals in Bamboo Forest (2),jianping-he-poster-68dd3fb6809c92c828f3d422.jpg,https://videos.typographicposters.com/poster-p3/jianping-he/jianping-he-poster-68dd3fb6809c92c828f3d422.jpg,NAN
Klonen 1 (Clon 1),jianping-he-poster-68de2e16809c92c828881dbc.jpg,https://videos.typographicposters.com/poster-p3/jianping-he/jianping-he-poster-68de2e16809c92c828881dbc.jpg,NAN
Klonen 2 (Clon 2),jianping-he-poster-68de2e09717b60053ec871a8.jpg,https://videos.typographicposters.com/poster-p3/jianping-he/jianping-he-poster-68de2e09717b60053ec871a8.jpg,NAN
New Graphic (3),jianping-he-poster-68de38d95229f2ddc2e37adb.jpg,https://videos.typographicposters.com/poster-p3/jianping-he/jianping-he-poster-68de38d95229f2ddc2e37adb.jpg,NAN
China Image,jianping-he-poster-68e4d5b65d1e449cc0e60b8e.jpg,https://videos.typographicposters.com/poster-p3/jianping-he/jianping-he-poster-68e4d5b65d1e449cc0e60b8e.jpg,NAN
Hideki Nakajima: Made in Japan. Tokyo (Berlin edition),jianping-he-poster-68e4d649c7a08d62665b5aa2.jpg,https://videos.typographicposters.com/poster-p3/jianping-he/jianping-he-poster-68e4d649c7a08d62665b5aa2.jpg,NAN
Butti,jianping-he-poster-68e4d6955d1e449cc0ebbd94.jpg,https://videos.typographicposters.com/poster-p3/jianping-he/jianping-he-poster-68e4d6955d1e449cc0ebbd94.jpg,NAN
daydream,jianping-he-poster-68e4d6d164e65ce8ce19b069.jpg,https://videos.typographicposters.com/poster-p3/jianping-he/jianping-he-poster-68e4d6d164e65ce8ce19b069.jpg,NAN
TDC Tokyo 2023,jianping-he-poster-68e4d721cc9bc3377cf377b1.jpg,https://videos.typographicposters.com/poster-p3/jianping-he/jianping-he-poster-68e4d721cc9bc3377cf377b1.jpg,NAN
TDC Tokyo 2023,jianping-he-poster-68e4d89bc7a08d6266695eb7.jpg,https://videos.typographicposters.com/poster-p3/jianping-he/jianping-he-poster-68e4d89bc7a08d6266695eb7.jpg,NAN
Kieler Woche 2024,jianping-he-poster-68e4d7665d1e449cc0f02dfa.jpg,https://videos.typographicposters.com/poster-p3/jianping-he/jianping-he-poster-68e4d7665d1e449cc0f02dfa.jpg,NAN
Virtual & Reality,jianping-he-poster-68e4d981c7a08d62666f4fff.jpg,https://videos.typographicposters.com/poster-p3/jianping-he/jianping-he-poster-68e4d981c7a08d62666f4fff.jpg,NAN
Revelation / Tan Zhuo,jianping-he-poster-68e4d9c8c7a08d6266708b43.jpg,https://videos.typographicposters.com/poster-p3/jianping-he/jianping-he-poster-68e4d9c8c7a08d6266708b43.jpg,NAN
Becoming Li Binyuan,jianping-he-poster-68e65e602bfea2047d782419.jpg,https://videos.typographicposters.com/poster-p3/jianping-he/jianping-he-poster-68e65e602bfea2047d782419.jpg,NAN
In Memory of Kari Piippo,jianping-he-poster-68e667152bfea2047d64a00c.jpg,https://videos.typographicposters.com/poster-p3/jianping-he/jianping-he-poster-68e667152bfea2047d64a00c.jpg,NAN
Elian Zeitel + Itakiry (Plattentaufen) – Neubad Luzern,michael-speranza-poster-68e384d264e65ce8ce485c74.jpg,https://videos.typographicposters.com/poster-p3/michael-speranza/michael-speranza-poster-68e384d264e65ce8ce485c74.jpg,NAN
Kunstparade Binnenhofrenovatie,richard-niessen-poster-68de97ed809c92c828296c98.jpg,https://videos.typographicposters.com/poster-p3/richard-niessen/richard-niessen-poster-68de97ed809c92c828296c98.jpg,NAN
Het Paleis van Typografisch Metselwerk  in de Grote Kerk Breda,richard-niessen-poster-68de96fc809c92c82822a5da.jpg,https://videos.typographicposters.com/poster-p3/richard-niessen/richard-niessen-poster-68de96fc809c92c82822a5da.jpg,NAN
Canaux,richard-niessen-poster-68de95dc442e8a676efece25.jpg,https://videos.typographicposters.com/poster-p3/richard-niessen/richard-niessen-poster-68de95dc442e8a676efece25.jpg,NAN
Oh Jacno,richard-niessen-poster-68de94e93e06dabc9ee0ac81.jpg,https://videos.typographicposters.com/poster-p3/richard-niessen/richard-niessen-poster-68de94e93e06dabc9ee0ac81.jpg,NAN
Vimeto BIG italic,daan-rietbergen-poster-68de5b66809c92c828f2b6fd.jpg,https://videos.typographicposters.com/poster-p3/daan-rietbergen/daan-rietbergen-poster-68de5b66809c92c828f2b6fd.jpg,NAN
STEM,daan-rietbergen-poster-68de5906442e8a676ec9c2cc.jpg,https://videos.typographicposters.com/poster-p3/daan-rietbergen/daan-rietbergen-poster-68de5906442e8a676ec9c2cc.jpg,NAN
10,daan-rietbergen-poster-68de59695229f2ddc2cd221e.jpg,https://videos.typographicposters.com/poster-p3/daan-rietbergen/daan-rietbergen-poster-68de59695229f2ddc2cd221e.jpg,NAN
accept,daan-rietbergen-poster-68de59ac3e06dabc9eb7e853.jpg,https://videos.typographicposters.com/poster-p3/daan-rietbergen/daan-rietbergen-poster-68de59ac3e06dabc9eb7e853.jpg,NAN
HCH,daan-rietbergen-poster-68de5a64442e8a676ed29724.jpg,https://videos.typographicposters.com/poster-p3/daan-rietbergen/daan-rietbergen-poster-68de5a64442e8a676ed29724.jpg,NAN
Traditions,daan-rietbergen-poster-68de5c425229f2ddc2def422.jpg,https://videos.typographicposters.com/poster-p3/daan-rietbergen/daan-rietbergen-poster-68de5c425229f2ddc2def422.jpg,NAN
Interrobang,daan-rietbergen-poster-68de5c13809c92c828f70056.jpg,https://videos.typographicposters.com/poster-p3/daan-rietbergen/daan-rietbergen-poster-68de5c13809c92c828f70056.jpg,NAN
De klassieker,daan-rietbergen-poster-68de5cd45229f2ddc2e29bf6.jpg,https://videos.typographicposters.com/poster-p3/daan-rietbergen/daan-rietbergen-poster-68de5cd45229f2ddc2e29bf6.jpg,NAN
Das Lied von der Erde,daan-rietbergen-poster-68de61b352bda113b3779d4f.jpg,https://videos.typographicposters.com/poster-p3/daan-rietbergen/daan-rietbergen-poster-68de61b352bda113b3779d4f.jpg,NAN
Visions at sea,daan-rietbergen-poster-68de61b5809c92c82819462d.jpg,https://videos.typographicposters.com/poster-p3/daan-rietbergen/daan-rietbergen-poster-68de61b5809c92c82819462d.jpg,NAN
Hommage aan Boccherini,daan-rietbergen-poster-68de61bc52bda113b377c60b.jpg,https://videos.typographicposters.com/poster-p3/daan-rietbergen/daan-rietbergen-poster-68de61bc52bda113b377c60b.jpg,NAN
The American Four Seasons,daan-rietbergen-poster-68de61bfed2651863606936e.jpg,https://videos.typographicposters.com/poster-p3/daan-rietbergen/daan-rietbergen-poster-68de61bfed2651863606936e.jpg,NAN
Say Beethoven Say Mozart,daan-rietbergen-poster-68de61b93e06dabc9eea81cd.jpg,https://videos.typographicposters.com/poster-p3/daan-rietbergen/daan-rietbergen-poster-68de61b93e06dabc9eea81cd.jpg,NAN
Song of the flying horses,daan-rietbergen-poster-68de61c0809c92c82819a9dd.jpg,https://videos.typographicposters.com/poster-p3/daan-rietbergen/daan-rietbergen-poster-68de61c0809c92c82819a9dd.jpg,NAN
Pärt en Tavener,daan-rietbergen-poster-68de61ba5229f2ddc2009146.jpg,https://videos.typographicposters.com/poster-p3/daan-rietbergen/daan-rietbergen-poster-68de61ba5229f2ddc2009146.jpg,NAN
De roep van de violen,daan-rietbergen-poster-68de61bd4aaae8799cc8fc62.jpg,https://videos.typographicposters.com/poster-p3/daan-rietbergen/daan-rietbergen-poster-68de61bd4aaae8799cc8fc62.jpg,NAN
17/18,daan-rietbergen-poster-68de61b74aaae8799cc8d44f.jpg,https://videos.typographicposters.com/poster-p3/daan-rietbergen/daan-rietbergen-poster-68de61b74aaae8799cc8d44f.jpg,NAN
N/A,kieler-woche-poster-68dbc10252745f59e138012a.jpg,https://videos.typographicposters.com/poster-p3/kieler-woche/kieler-woche-poster-68dbc10252745f59e138012a.jpg,NAN
N/A,kieler-woche-poster-68dbc097c641498a4ab311bc.jpg,https://videos.typographicposters.com/poster-p3/kieler-woche/kieler-woche-poster-68dbc097c641498a4ab311bc.jpg,NAN
N/A,kieler-woche-poster-68dbc039887780e055e2d9aa.jpg,https://videos.typographicposters.com/poster-p3/kieler-woche/kieler-woche-poster-68dbc039887780e055e2d9aa.jpg,NAN
N/A,kieler-woche-poster-68dbbfdb5f50ad4a93982832.jpg,https://videos.typographicposters.com/poster-p3/kieler-woche/kieler-woche-poster-68dbbfdb5f50ad4a93982832.jpg,NAN
N/A,kieler-woche-poster-68dbbf9cc641498a4aad6f23.jpg,https://videos.typographicposters.com/poster-p3/kieler-woche/kieler-woche-poster-68dbbf9cc641498a4aad6f23.jpg,NAN
Kieler Woche,kieler-woche-poster-68dbbf63c641498a4aac3a7a.jpg,https://videos.typographicposters.com/poster-p3/kieler-woche/kieler-woche-poster-68dbbf63c641498a4aac3a7a.jpg,NAN
N/A,kieler-woche-poster-68dbbf2e887780e055dc4401.jpg,https://videos.typographicposters.com/poster-p3/kieler-woche/kieler-woche-poster-68dbbf2e887780e055dc4401.jpg,NAN
N/A,kieler-woche-poster-68dbbee8c641498a4aa95ea4.jpg,https://videos.typographicposters.com/poster-p3/kieler-woche/kieler-woche-poster-68dbbee8c641498a4aa95ea4.jpg,NAN
Kieler Woche,kieler-woche-poster-68dbbe665f50ad4a938f82d1.jpg,https://videos.typographicposters.com/poster-p3/kieler-woche/kieler-woche-poster-68dbbe665f50ad4a938f82d1.jpg,NAN
N/A,kieler-woche-poster-68dbbde05f50ad4a938c3c3d.jpg,https://videos.typographicposters.com/poster-p3/kieler-woche/kieler-woche-poster-68dbbde05f50ad4a938c3c3d.jpg,NAN
N/A,kieler-woche-poster-68dbbd0699ad451e1f3819e6.jpg,https://videos.typographicposters.com/poster-p3/kieler-woche/kieler-woche-poster-68dbbd0699ad451e1f3819e6.jpg,NAN
N/A,kieler-woche-poster-68de6feb52bda113b3d52448.jpg,https://videos.typographicposters.com/poster-p3/kieler-woche/kieler-woche-poster-68de6feb52bda113b3d52448.jpg,NAN
N/A,kieler-woche-poster-68dbbc05c641498a4a967b21.jpg,https://videos.typographicposters.com/poster-p3/kieler-woche/kieler-woche-poster-68dbbc05c641498a4a967b21.jpg,NAN
Kieler Woche,kieler-woche-poster-68dbbba67ace24ca109b2c3a.jpg,https://videos.typographicposters.com/poster-p3/kieler-woche/kieler-woche-poster-68dbbba67ace24ca109b2c3a.jpg,NAN
N/A,kieler-woche-poster-68dbb991887780e055ba6818.jpg,https://videos.typographicposters.com/poster-p3/kieler-woche/kieler-woche-poster-68dbb991887780e055ba6818.jpg,NAN
Paz Holandesa 25 Years,rejane-dal-bello-poster-68dacbe946587de7f805ddb8.jpg,https://videos.typographicposters.com/poster-p3/rejane-dal-bello/rejane-dal-bello-poster-68dacbe946587de7f805ddb8.jpg,NAN
Lupercalia,enea-bortone-poster-68da4f3f49a3518a2c2960e5.jpg,https://videos.typographicposters.com/poster-p3/enea-bortone/enea-bortone-poster-68da4f3f49a3518a2c2960e5.jpg,NAN
DSORDNE,enea-bortone-poster-68da4ecfc58f8be6d254a8f0.jpg,https://videos.typographicposters.com/poster-p3/enea-bortone/enea-bortone-poster-68da4ecfc58f8be6d254a8f0.jpg,NAN
stop and go,enea-bortone-poster-68da4df381cdea8eec732edb.jpg,https://videos.typographicposters.com/poster-p3/enea-bortone/enea-bortone-poster-68da4df381cdea8eec732edb.jpg,NAN
Fragil Keramikmarkt,enea-bortone-poster-68da4d3ce32550c15514aa2f.jpg,https://videos.typographicposters.com/poster-p3/enea-bortone/enea-bortone-poster-68da4d3ce32550c15514aa2f.jpg,NAN
Pablo Nouvelle & Band,enea-bortone-poster-68da4d04f42c90fdaaffb4a8.jpg,https://videos.typographicposters.com/poster-p3/enea-bortone/enea-bortone-poster-68da4d04f42c90fdaaffb4a8.jpg,NAN
Strandgut Flohmarkt,enea-bortone-poster-68da4c77727f1f63ffacfbd6.jpg,https://videos.typographicposters.com/poster-p3/enea-bortone/enea-bortone-poster-68da4c77727f1f63ffacfbd6.jpg,NAN
Typotalk,rejane-dal-bello-poster-68d5897042c08ed350f0d8d2.png,https://videos.typographicposters.com/poster-p3/rejane-dal-bello/rejane-dal-bello-poster-68d5897042c08ed350f0d8d2.png,NAN
Journey of the Mind,rejane-dal-bello-poster-68d58659e94ba913a6bcfc84.png,https://videos.typographicposters.com/poster-p3/rejane-dal-bello/rejane-dal-bello-poster-68d58659e94ba913a6bcfc84.png,NAN
Paz Holandesa 25 Years,rejane-dal-bello-poster-68d62dd1ea940a3d21231112.jpg,https://videos.typographicposters.com/poster-p3/rejane-dal-bello/rejane-dal-bello-poster-68d62dd1ea940a3d21231112.jpg,NAN
