图片URL,标题,名称,相册,所属集合
https://media.babesource.com/galleries/686e341640b58/20589.jpg,,20589,nancy-heal-fit-190300,nancy-12284
https://media.babesource.com/galleries/686e341640b58/20593.jpg,,20593,nancy-heal-fit-190300,nancy-12284
https://media.babesource.com/galleries/686e341640b58/20595.jpg,,20595,nancy-heal-fit-190300,nancy-12284
https://media.babesource.com/galleries/686e341640b58/20610.jpg,,20610,nancy-heal-fit-190300,nancy-12284
https://media.babesource.com/galleries/686e341640b58/20626.jpg,,20626,nancy-heal-fit-190300,nancy-12284
https://media.babesource.com/galleries/686e341640b58/20627.jpg,,20627,nancy-heal-fit-190300,nancy-12284
https://media.babesource.com/galleries/686e341640b58/20628.jpg,,20628,nancy-heal-fit-190300,nancy-12284
https://media.babesource.com/galleries/686e341640b58/20640.jpg,,20640,nancy-heal-fit-190300,nancy-12284
https://media.babesource.com/galleries/686e341640b58/20653.jpg,,20653,nancy-heal-fit-190300,nancy-12284
https://media.babesource.com/galleries/686e341640b58/20655.jpg,,20655,nancy-heal-fit-190300,nancy-12284
https://media.babesource.com/galleries/686e341640b58/20669.jpg,,20669,nancy-heal-fit-190300,nancy-12284
https://media.babesource.com/galleries/686e341640b58/20672.jpg,,20672,nancy-heal-fit-190300,nancy-12284
https://media.babesource.com/galleries/686e341640b58/20687.jpg,,20687,nancy-heal-fit-190300,nancy-12284
https://media.babesource.com/galleries/686e341640b58/20688.jpg,,20688,nancy-heal-fit-190300,nancy-12284
https://media.babesource.com/galleries/686e341640b58/20690.jpg,,20690,nancy-heal-fit-190300,nancy-12284
https://media.babesource.com/galleries/686e341640b58/20692.jpg,,20692,nancy-heal-fit-190300,nancy-12284
https://media.babesource.com/galleries/629f194497a70/nancy-008.jpg,,nancy-008,nancy-tuk-tuk-patrol-120569,nancy-12284
https://media.babesource.com/galleries/686ce279bf460/20930.jpg,,20930,nancy-heal-fit-190211,nancy-12284
https://media.babesource.com/galleries/629f194497a70/nancy-013.jpg,,nancy-013,nancy-tuk-tuk-patrol-120569,nancy-12284
https://media.babesource.com/galleries/686ce279bf460/20946.jpg,,20946,nancy-heal-fit-190211,nancy-12284
https://media.babesource.com/galleries/629f194497a70/nancy-014.jpg,,nancy-014,nancy-tuk-tuk-patrol-120569,nancy-12284
https://media.babesource.com/galleries/686ce279bf460/20947.jpg,,20947,nancy-heal-fit-190211,nancy-12284
https://media.babesource.com/galleries/629f194497a70/nancy-020.jpg,,nancy-020,nancy-tuk-tuk-patrol-120569,nancy-12284
https://media.babesource.com/galleries/686ce279bf460/20962.jpg,,20962,nancy-heal-fit-190211,nancy-12284
https://media.babesource.com/galleries/629f194497a70/nancy-027.jpg,,nancy-027,nancy-tuk-tuk-patrol-120569,nancy-12284
https://media.babesource.com/galleries/686ce279bf460/20964.jpg,,20964,nancy-heal-fit-190211,nancy-12284
https://media.babesource.com/galleries/629f194497a70/nancy-032.jpg,,nancy-032,nancy-tuk-tuk-patrol-120569,nancy-12284
https://media.babesource.com/galleries/686ce279bf460/20978.jpg,,20978,nancy-heal-fit-190211,nancy-12284
https://media.babesource.com/galleries/629f194497a70/nancy-038.jpg,,nancy-038,nancy-tuk-tuk-patrol-120569,nancy-12284
https://media.babesource.com/galleries/686ce279bf460/20981.jpg,,20981,nancy-heal-fit-190211,nancy-12284
https://media.babesource.com/galleries/629f194497a70/nancy-046.jpg,,nancy-046,nancy-tuk-tuk-patrol-120569,nancy-12284
https://media.babesource.com/galleries/686ce279bf460/20996.jpg,,20996,nancy-heal-fit-190211,nancy-12284
https://media.babesource.com/galleries/629f194497a70/nancy-064.jpg,,nancy-064,nancy-tuk-tuk-patrol-120569,nancy-12284
https://media.babesource.com/galleries/686ce279bf460/20997.jpg,,20997,nancy-heal-fit-190211,nancy-12284
https://media.babesource.com/galleries/629f194497a70/nancy-081.jpg,,nancy-081,nancy-tuk-tuk-patrol-120569,nancy-12284
https://media.babesource.com/galleries/686ce279bf460/20998.jpg,,20998,nancy-heal-fit-190211,nancy-12284
https://media.babesource.com/galleries/629f194497a70/nancy-093.jpg,,nancy-093,nancy-tuk-tuk-patrol-120569,nancy-12284
https://media.babesource.com/galleries/686ce279bf460/21010.jpg,,21010,nancy-heal-fit-190211,nancy-12284
https://media.babesource.com/galleries/629f194497a70/nancy-099.jpg,,nancy-099,nancy-tuk-tuk-patrol-120569,nancy-12284
https://media.babesource.com/galleries/686ce279bf460/21015.jpg,,21015,nancy-heal-fit-190211,nancy-12284
https://media.babesource.com/galleries/686ce279bf460/21016.jpg,,21016,nancy-heal-fit-190211,nancy-12284
https://media.babesource.com/galleries/686ce279bf460/21025.jpg,,21025,nancy-heal-fit-190211,nancy-12284
https://media.babesource.com/galleries/686ce279bf460/21026.jpg,,21026,nancy-heal-fit-190211,nancy-12284
https://media.babesource.com/galleries/686ce279bf460/21028.jpg,,21028,nancy-heal-fit-190211,nancy-12284
https://media.babesource.com/galleries/63eca9136784e/002.jpg,,002,nancy-watch-4-beauty-134977,nancy-12284
https://media.babesource.com/galleries/6874bf670b770/19856.jpg,,19856,nancy-heal-fit-190563,nancy-12284
https://media.babesource.com/galleries/63eca9136784e/004.jpg,,004,nancy-watch-4-beauty-134977,nancy-12284
https://media.babesource.com/galleries/6874bf670b770/19872.jpg,,19872,nancy-heal-fit-190563,nancy-12284
https://media.babesource.com/galleries/63eca9136784e/014.jpg,,014,nancy-watch-4-beauty-134977,nancy-12284
https://media.babesource.com/galleries/6874bf670b770/19875.jpg,,19875,nancy-heal-fit-190563,nancy-12284
https://media.babesource.com/galleries/63eca9136784e/015.jpg,,015,nancy-watch-4-beauty-134977,nancy-12284
https://media.babesource.com/galleries/6874bf670b770/19877.jpg,,19877,nancy-heal-fit-190563,nancy-12284
https://media.babesource.com/galleries/63eca9136784e/016.jpg,,016,nancy-watch-4-beauty-134977,nancy-12284
https://media.babesource.com/galleries/6874bf670b770/19892.jpg,,19892,nancy-heal-fit-190563,nancy-12284
https://media.babesource.com/galleries/63eca9136784e/025.jpg,,025,nancy-watch-4-beauty-134977,nancy-12284
https://media.babesource.com/galleries/6874bf670b770/19893.jpg,,19893,nancy-heal-fit-190563,nancy-12284
https://media.babesource.com/galleries/63eca9136784e/026.jpg,,026,nancy-watch-4-beauty-134977,nancy-12284
https://media.babesource.com/galleries/6874bf670b770/19904.jpg,,19904,nancy-heal-fit-190563,nancy-12284
https://media.babesource.com/galleries/63eca9136784e/027.jpg,,027,nancy-watch-4-beauty-134977,nancy-12284
https://media.babesource.com/galleries/6874bf670b770/19912.jpg,,19912,nancy-heal-fit-190563,nancy-12284
https://media.babesource.com/galleries/63eca9136784e/035.jpg,,035,nancy-watch-4-beauty-134977,nancy-12284
https://media.babesource.com/galleries/6874bf670b770/19920.jpg,,19920,nancy-heal-fit-190563,nancy-12284
https://media.babesource.com/galleries/63eca9136784e/045.jpg,,045,nancy-watch-4-beauty-134977,nancy-12284
https://media.babesource.com/galleries/6874bf670b770/19921.jpg,,19921,nancy-heal-fit-190563,nancy-12284
https://media.babesource.com/galleries/63eca9136784e/053.jpg,,053,nancy-watch-4-beauty-134977,nancy-12284
https://media.babesource.com/galleries/6874bf670b770/19928.jpg,,19928,nancy-heal-fit-190563,nancy-12284
https://media.babesource.com/galleries/63eca9136784e/056.jpg,,056,nancy-watch-4-beauty-134977,nancy-12284
https://media.babesource.com/galleries/6874bf670b770/19929.jpg,,19929,nancy-heal-fit-190563,nancy-12284
https://media.babesource.com/galleries/6874bf670b770/19938.jpg,,19938,nancy-heal-fit-190563,nancy-12284
https://media.babesource.com/galleries/6874bf670b770/19939.jpg,,19939,nancy-heal-fit-190563,nancy-12284
https://media.babesource.com/galleries/6874bf670b770/19944.jpg,,19944,nancy-heal-fit-190563,nancy-12284
https://media.babesource.com/galleries/6874bf670b770/19951.jpg,,19951,nancy-heal-fit-190563,nancy-12284
