Title,ImageName,URL,TAG,href
Amazing Porn Movie Hd Hottest Exclusive Version - Anna Ralphs,,,,https://www.lobstertube.com/out/?l=3AASCc4b98BSq0swb0p5UVUyTnFkAtlpaHR0cHM6Ly9rZXB4eS5jb20vdmlkZW9zLzEzNjc5My9hbWF6aW5nLXBvcm4tbW92aWUtaGQtaG90dGVzdC1leGNsdXNpdmUtdmVyc2lvbi1hbm5hLXJhbHBocy8/cHViaWQ9MTAzMzU4zQa0onRjAc0LTKthbHRfcG9wdWxhcgHZMHsiYWxsIjoiIiwib3JpZW50YXRpb24iOiJzdHJhaWdodCIsInByaWNpbmciOiIifc16pc5o2rbbqHBvcm5zdGFyzILA2T1beyIxIjoiSHkzU0hSUFRuUjgifSx7IjIiOiIxbE9MRVpmNmgybSJ9LHsiMyI6IkhiSGhVUElxMllMIn1d&c=fded00e6&v=3&
Gorgeous vixen adult breathtaking scene,,,,https://www.lobstertube.com/out/?l=3AASCc4ZUgS6q0h5M1NIUlBUblI4AtlIaHR0cHM6Ly94aGFuZC5uZXQvdmlkZW9zLzE0ODA0Ny9nb3JnZW91cy12aXhlbi1hZHVsdC1icmVhdGh0YWtpbmctc2NlbmUvzQMhonRjAc0Hm6thbHRfcG9wdWxhcgLZMHsiYWxsIjoiIiwib3JpZW50YXRpb24iOiJzdHJhaWdodCIsInByaWNpbmciOiIifc16pc5o2rbbqHBvcm5zdGFyzILA2VJbeyIxIjoiMWxPTEVaZjZoMm0ifSx7IjIiOiJIYkhoVVBJcTJZTCJ9LHsiMyI6ImRHUVp0THZPOHZZIn0seyItMSI6Ikswb0p5UVUyTnFkIn1d&c=69d6c77f&v=3&
OnlyFans Anna Ralphs Anal Maid underware,,,,https://www.lobstertube.com/out/?l=3AASCc4V6wIhqzFsT0xFWmY2aDJtAtllaHR0cHM6Ly93d3cuYmlndGl0c2x1c3QuY29tL3ZpZGVvcy81MjI1Mjcvb25seWZhbnMtYW5uYS1yYWxwaHMtYW5hbC1tYWlkLXVuZGVyd2FyZS8/dXRtX3NvdXJjZT1kb25uaWXNAwSidGMBzQd%2Bq2FsdF9wb3B1bGFyA9kweyJhbGwiOiIiLCJvcmllbnRhdGlvbiI6InN0cmFpZ2h0IiwicHJpY2luZyI6IiJ9zXqlzmjattuocG9ybnN0YXLMgsDZZ1t7IjEiOiJIYkhoVVBJcTJZTCJ9LHsiMiI6ImRHUVp0THZPOHZZIn0seyIzIjoidFlETVk4MnNYbzUifSx7Ii0xIjoiSHkzU0hSUFRuUjgifSx7Ii0yIjoiSzBvSnlRVTJOcWQifV0%3D&c=ebee76e8&v=3&
Liberty Prime XVIII - Anna Ralphs XVI,,,,https://www.lobstertube.com/out/?l=3AASCc4b6Mg4q0hiSGhVUElxMllMAtl4aHR0cHM6Ly93d3cuZXBvcm5lci5jb20vdmlkZW8tcDZOZDV0TEllRXIvbGliZXJ0eS1wcmltZS14dmlpaS1hbm5hLXJhbHBocy14dmkvP3RyeD0xMjI3NzM1MjkwYWVlNjk0YjgxNDczYTI1NmJlYTEyNDIwNzEyzQF7onRjATurYWx0X3BvcHVsYXIE2TB7ImFsbCI6IiIsIm9yaWVudGF0aW9uIjoic3RyYWlnaHQiLCJwcmljaW5nIjoiIn3NeqXOaNq226hwb3Juc3RhcsyCwNl8W3siMSI6ImRHUVp0THZPOHZZIn0seyIyIjoidFlETVk4MnNYbzUifSx7IjMiOiJzd2k4dTl4NVJENSJ9LHsiLTEiOiIxbE9MRVpmNmgybSJ9LHsiLTIiOiJIeTNTSFJQVG5SOCJ9LHsiLTMiOiJLMG9KeVFVMk5xZCJ9XQ%3D%3D&c=b882866d&v=3&
"Anna Ralphs Fleshly Sex With Danny Love (Anna Lovato, Anna Love)",,,,https://www.lobstertube.com/out/?l=3AASCc4Vacv4q2RHUVp0THZPOHZZAtl3aHR0cHM6Ly93d3cuc29ydHBvcm4uY29tL3ZpZGVvcy81NzI1MDEvYW5uYS1yYWxwaHMtZmxlc2hseS1zZXgtd2l0aC1kYW5ueS1sb3ZlLWFubmEtbG92YXRvLWFubmEtbG92ZS8/dXRtX3NvdXJjZT1kb25uaWXNAtqidGMBzQdTq2FsdF9wb3B1bGFyBdkweyJhbGwiOiIiLCJvcmllbnRhdGlvbiI6InN0cmFpZ2h0IiwicHJpY2luZyI6IiJ9zXqlzmjattuocG9ybnN0YXLMgsDZfFt7IjEiOiJ0WURNWTgyc1hvNSJ9LHsiMiI6InN3aTh1OXg1UkQ1In0seyIzIjoiWkxvcEtVVGdrSncifSx7Ii0xIjoiSGJIaFVQSXEyWUwifSx7Ii0yIjoiMWxPTEVaZjZoMm0ifSx7Ii0zIjoiSHkzU0hSUFRuUjgifV0%3D&c=b4802639&v=3&
Teen Anna Ralphs Hot Amateur Porn,,,,https://www.lobstertube.com/out/?l=3AASCc4WK2Rqq3RZRE1ZODJzWG81AtlEaHR0cHM6Ly9hbmFsZGluLnh4eC92aWRlb3MvNjcyOTg3L3RlZW4tYW5uYS1yYWxwaHMtaG90LWFtYXRldXItcG9ybi/NAkmidGMBzQa/q2FsdF9wb3B1bGFyBtkweyJhbGwiOiIiLCJvcmllbnRhdGlvbiI6InN0cmFpZ2h0IiwicHJpY2luZyI6IiJ9zXqlzmjattuocG9ybnN0YXLMgsDZfFt7IjEiOiJzd2k4dTl4NVJENSJ9LHsiMiI6IlpMb3BLVVRna0p3In0seyIzIjoiWGFiR25tT0hMMHMifSx7Ii0xIjoiZEdRWnRMdk84dlkifSx7Ii0yIjoiSGJIaFVQSXEyWUwifSx7Ii0zIjoiMWxPTEVaZjZoMm0ifV0%3D&c=dcc3afed&v=3&
Skinny Anna Ralphs unforgettable porn story,,,,https://www.lobstertube.com/out/?l=3AASCc4W%2B5JWq3N3aTh1OXg1UkQ1AtlOaHR0cHM6Ly94b3ppbGxhLnh4eC92aWRlb3MvNjQyNjU4L3NraW5ueS1hbm5hLXJhbHBocy11bmZvcmdldHRhYmxlLXBvcm4tc3RvcnkvzQJIonRjAc0GwKthbHRfcG9wdWxhcgfZMHsiYWxsIjoiIiwib3JpZW50YXRpb24iOiJzdHJhaWdodCIsInByaWNpbmciOiIifc16pc5o2rbbqHBvcm5zdGFyzILA2XxbeyIxIjoiWkxvcEtVVGdrSncifSx7IjIiOiJYYWJHbm1PSEwwcyJ9LHsiMyI6IndRUWtiZkhwenp6In0seyItMSI6InRZRE1ZODJzWG81In0seyItMiI6ImRHUVp0THZPOHZZIn0seyItMyI6IkhiSGhVUElxMllMIn1d&c=fe57614a&v=3&
A selection of hot cumshots from Anna Ralphs so that you don,,,,https://www.lobstertube.com/out/?l=3AASCc4cRNZbq1pMb3BLVVRna0p3ArlodHRwczovL3BybHZpZC5jb20vdi9jZnJqzQJponRjAc0G4KthbHRfcG9wdWxhcgjZMHsiYWxsIjoiIiwib3JpZW50YXRpb24iOiJzdHJhaWdodCIsInByaWNpbmciOiIifc16pc5o2rbbqHBvcm5zdGFyzILA2XxbeyIxIjoiWGFiR25tT0hMMHMifSx7IjIiOiJ3UVFrYmZIcHp6eiJ9LHsiMyI6IkV4MzBrT2R1aTUyIn0seyItMSI6InN3aTh1OXg1UkQ1In0seyItMiI6InRZRE1ZODJzWG81In0seyItMyI6ImRHUVp0THZPOHZZIn1d&c=37c3d975&v=3&
Gorgeous teen pornstar xxx perverted movie,,,,https://www.lobstertube.com/out/?l=3AASCc4aUK45q1hhYkdubU9ITDBzAtlNaHR0cHM6Ly9hbmFsZGluLnh4eC92aWRlb3MvNzYzNDQyL2dvcmdlb3VzLXRlZW4tcG9ybnN0YXIteHh4LXBlcnZlcnRlZC1tb3ZpZS/NAkmidGMBzQa/q2FsdF9wb3B1bGFyCdkweyJhbGwiOiIiLCJvcmllbnRhdGlvbiI6InN0cmFpZ2h0IiwicHJpY2luZyI6IiJ9zXqlzmjattuocG9ybnN0YXLMgsDZfFt7IjEiOiJ3UVFrYmZIcHp6eiJ9LHsiMiI6IkV4MzBrT2R1aTUyIn0seyIzIjoiZkRiYU9kSUNkcHYifSx7Ii0xIjoiWkxvcEtVVGdrSncifSx7Ii0yIjoic3dpOHU5eDVSRDUifSx7Ii0zIjoidFlETVk4MnNYbzUifV0%3D&c=6a2f80d4&v=3&
Anna Ralphs Love Making In Bedroom - Hard Fuck,,,,https://www.lobstertube.com/out/?l=3AASCc4WPAMTq3dRUWtiZkhwenp6AtlPaHR0cHM6Ly94b3ppbGxhLnh4eC92aWRlb3MvNjQyNjQzL2FubmEtcmFscGhzLWxvdmUtbWFraW5nLWluLWJlZHJvb20taGFyZC1mdWNrL80CSKJ0YwHNBsCrYWx0X3BvcHVsYXIK2TB7ImFsbCI6IiIsIm9yaWVudGF0aW9uIjoic3RyYWlnaHQiLCJwcmljaW5nIjoiIn3NeqXOaNq226hwb3Juc3RhcsyCwNl8W3siMSI6IkV4MzBrT2R1aTUyIn0seyIyIjoiZkRiYU9kSUNkcHYifSx7IjMiOiIyaGpBNlNBaHVrbSJ9LHsiLTEiOiJYYWJHbm1PSEwwcyJ9LHsiLTIiOiJaTG9wS1VUZ2tKdyJ9LHsiLTMiOiJzd2k4dTl4NVJENSJ9XQ%3D%3D&c=6c57ebd7&v=3&
Anna Ralphs Deepthroating Sextape,,,,https://www.lobstertube.com/out/?l=3AASCc4ZxMk3q0V4MzBrT2R1aTUyAtlEaHR0cHM6Ly94b3ppbGxhLnh4eC92aWRlb3MvNzMzMDQ2L2FubmEtcmFscGhzLWRlZXB0aHJvYXRpbmctc2V4dGFwZS/NAkiidGMBzQbAq2FsdF9wb3B1bGFyC9kweyJhbGwiOiIiLCJvcmllbnRhdGlvbiI6InN0cmFpZ2h0IiwicHJpY2luZyI6IiJ9zXqlzmjattuocG9ybnN0YXLMgsDZfFt7IjEiOiJmRGJhT2RJQ2RwdiJ9LHsiMiI6IjJoakE2U0FodWttIn0seyIzIjoiaE1UM0wzaHhNWXUifSx7Ii0xIjoid1FRa2JmSHB6enoifSx7Ii0yIjoiWGFiR25tT0hMMHMifSx7Ii0zIjoiWkxvcEtVVGdrSncifV0%3D&c=7b663dc8&v=3&
Anna L shows off her beautiful body in 4K,,,,https://www.lobstertube.com/out/?l=3AASCc4b1Nnhq2ZEYmFPZElDZHB2AtleaHR0cHM6Ly93d3cuanVzdHBvcm4uY29tL3ZpZGVvLzU5NDYvYW5uYS1sLXNob3dzLW9mZi1oZXItYmVhdXRpZnVsLWJvZHktaW4tNGsvP3NyYz10dWJldHJhZmZpY80GuaJ0YwHNC1GrYWx0X3BvcHVsYXIM2TB7ImFsbCI6IiIsIm9yaWVudGF0aW9uIjoic3RyYWlnaHQiLCJwcmljaW5nIjoiIn3NeqXOaNq226hwb3Juc3RhcsyCwNl8W3siMSI6IjJoakE2U0FodWttIn0seyIyIjoiaE1UM0wzaHhNWXUifSx7IjMiOiJpWTgyQmNvcWxsdCJ9LHsiLTEiOiJFeDMwa09kdWk1MiJ9LHsiLTIiOiJ3UVFrYmZIcHp6eiJ9LHsiLTMiOiJYYWJHbm1PSEwwcyJ9XQ%3D%3D&c=e365ce32&v=3&
Anna Ralphs Is Quite The Anal Housekeeper For Five Hundred Bucks. - Blowjob,,,,https://www.lobstertube.com/out/?l=3AASCc4Vlw4bqzJoakE2U0FodWttAtlpaHR0cHM6Ly94dGl0cy54eHgvdmlkZW9zLzE0MjE1MS9hbm5hLXJhbHBocy1pcy1xdWl0ZS10aGUtYW5hbC1ob3VzZWtlZXBlci1mb3ItZml2ZS1odW5kcmVkLWJ1Y2tzLWJsb3dqb2IvzQKxonRjAc0HKKthbHRfcG9wdWxhcg3ZMHsiYWxsIjoiIiwib3JpZW50YXRpb24iOiJzdHJhaWdodCIsInByaWNpbmciOiIifc16pc5o2rbbqHBvcm5zdGFyzILA2XxbeyIxIjoiaE1UM0wzaHhNWXUifSx7IjIiOiJpWTgyQmNvcWxsdCJ9LHsiMyI6IlltNE1RYWhuNXJ1In0seyItMSI6ImZEYmFPZElDZHB2In0seyItMiI6IkV4MzBrT2R1aTUyIn0seyItMyI6IndRUWtiZkhwenp6In1d&c=3ab8f366&v=3&
Amoral Anna Ralphs sensual porn clip,,,,https://www.lobstertube.com/out/?l=3AASCc4XSG9Zq2hNVDNMM2h4TVl1AtlHaHR0cHM6Ly9hbmFsZGluLnh4eC92aWRlb3MvNzE0OTYwL2Ftb3JhbC1hbm5hLXJhbHBocy1zZW5zdWFsLXBvcm4tY2xpcC/NAkmidGMBzQa/q2FsdF9wb3B1bGFyDtkweyJhbGwiOiIiLCJvcmllbnRhdGlvbiI6InN0cmFpZ2h0IiwicHJpY2luZyI6IiJ9zXqlzmjattuocG9ybnN0YXLMgsDZfFt7IjEiOiJpWTgyQmNvcWxsdCJ9LHsiMiI6IlltNE1RYWhuNXJ1In0seyIzIjoiam5lUTZMaWJMN1MifSx7Ii0xIjoiMmhqQTZTQWh1a20ifSx7Ii0yIjoiZkRiYU9kSUNkcHYifSx7Ii0zIjoiRXgzMGtPZHVpNTIifV0%3D&c=1949e815&v=3&
OnlyFans Anna Ralphs,,,,https://www.lobstertube.com/out/?l=3AASCc4V8C0aq2lZODJCY29xbGx0AtlRaHR0cHM6Ly93d3cuYmlndGl0c2x1c3QuY29tL3ZpZGVvcy81MjQwNDIvb25seWZhbnMtYW5uYS1yYWxwaHMvP3V0bV9zb3VyY2U9ZG9ubmllzQMEonRjAc0HfqthbHRfcG9wdWxhcg/ZMHsiYWxsIjoiIiwib3JpZW50YXRpb24iOiJzdHJhaWdodCIsInByaWNpbmciOiIifc16pc5o2rbbqHBvcm5zdGFyzILA2XxbeyIxIjoiWW00TVFhaG41cnUifSx7IjIiOiJqbmVRNkxpYkw3UyJ9LHsiMyI6IjQ3UjFNemV6MEpEIn0seyItMSI6ImhNVDNMM2h4TVl1In0seyItMiI6IjJoakE2U0FodWttIn0seyItMyI6ImZEYmFPZElDZHB2In1d&c=fe5e6c5e&v=3&
Beautiful Anna fabulous xxx video,,,,https://www.lobstertube.com/out/?l=3AASCc4VtHmDq1ltNE1RYWhuNXJ1AtlEaHR0cHM6Ly9hbmFsZGluLnh4eC92aWRlb3MvNjgyODgyL2JlYXV0aWZ1bC1hbm5hLWZhYnVsb3VzLXh4eC12aWRlby/NAkmidGMBzQa/q2FsdF9wb3B1bGFyENkweyJhbGwiOiIiLCJvcmllbnRhdGlvbiI6InN0cmFpZ2h0IiwicHJpY2luZyI6IiJ9zXqlzmjattuocG9ybnN0YXLMgsDZfFt7IjEiOiJqbmVRNkxpYkw3UyJ9LHsiMiI6IjQ3UjFNemV6MEpEIn0seyIzIjoidzk4dDZjejBjNVQifSx7Ii0xIjoiaVk4MkJjb3FsbHQifSx7Ii0yIjoiaE1UM0wzaHhNWXUifSx7Ii0zIjoiMmhqQTZTQWh1a20ifV0%3D&c=8d606ef0&v=3&
"March 2022 Fantasy Of The Month With And - Anna L, Lexi Luna And Claire Clouds",,,,https://www.lobstertube.com/out/?l=3AASCc4WhUdVq2puZVE2TGliTDdTAtl9aHR0cHM6Ly92aWQtMDF0LmNvbS92aWRlb3MvMjM1MTMxL21hcmNoLTIwMjItZmFudGFzeS1vZi10aGUtbW9udGgtd2l0aC1hbmQtYW5uYS1sLWxleGktbHVuYS1hbmQtY2xhaXJlLWNsb3Vkcy8/Y2FtcGFpZ249MTAxNDbNBPqidGMBzQl%2Bq2FsdF9wb3B1bGFyEdkweyJhbGwiOiIiLCJvcmllbnRhdGlvbiI6InN0cmFpZ2h0IiwicHJpY2luZyI6IiJ9zXqlzmjattuocG9ybnN0YXLMgsDZfFt7IjEiOiI0N1IxTXplejBKRCJ9LHsiMiI6Inc5OHQ2Y3owYzVUIn0seyIzIjoiekQxT3RoR2RDOEsifSx7Ii0xIjoiWW00TVFhaG41cnUifSx7Ii0yIjoiaVk4MkJjb3FsbHQifSx7Ii0zIjoiaE1UM0wzaHhNWXUifV0%3D&c=35759c01&v=3&
Busty brunette beauty Anna Ralphs gets fucked in the wood,,,,https://www.lobstertube.com/out/?l=3AASCc4atPPAqzQ3UjFNemV6MEpEAtlqaHR0cHM6Ly93d3cuc2V4b2NlYW4ubmV0L2dhbC8xMDYzNDc3L0J1c3R5X2JydW5ldHRlX2JlYXV0eV9Bbm5hX1JhbHBoc19nZXRzX2Z1Y2tlZF9pbl90aGVfd29vZC8/cmVmdGFnPXBfbc0GmqJ0YwHNCzKrYWx0X3BvcHVsYXIS2TB7ImFsbCI6IiIsIm9yaWVudGF0aW9uIjoic3RyYWlnaHQiLCJwcmljaW5nIjoiIn3NeqXOaNq226hwb3Juc3RhcsyCwNl8W3siMSI6Inc5OHQ2Y3owYzVUIn0seyIyIjoiekQxT3RoR2RDOEsifSx7IjMiOiJWd09pZ0FWRmZBUSJ9LHsiLTEiOiJqbmVRNkxpYkw3UyJ9LHsiLTIiOiJZbTRNUWFobjVydSJ9LHsiLTMiOiJpWTgyQmNvcWxsdCJ9XQ%3D%3D&c=186163f7&v=3&
Teen Anna Ralphs wonderful sex movie,,,,https://www.lobstertube.com/out/?l=3AASCc4VtHmEq3c5OHQ2Y3owYzVUAtlHaHR0cHM6Ly9hbmFsZGluLnh4eC92aWRlb3MvNjgyODg0L3RlZW4tYW5uYS1yYWxwaHMtd29uZGVyZnVsLXNleC1tb3ZpZS/NAkmidGMBzQa/q2FsdF9wb3B1bGFyE9kweyJhbGwiOiIiLCJvcmllbnRhdGlvbiI6InN0cmFpZ2h0IiwicHJpY2luZyI6IiJ9zXqlzmjattuocG9ybnN0YXLMgsDZfFt7IjEiOiJ6RDFPdGhHZEM4SyJ9LHsiMiI6IlZ3T2lnQVZGZkFRIn0seyIzIjoiZ05RY0Njb0VsaE0ifSx7Ii0xIjoiNDdSMU16ZXowSkQifSx7Ii0yIjoiam5lUTZMaWJMN1MifSx7Ii0zIjoiWW00TVFhaG41cnUifV0%3D&c=95f10886&v=3&
"Anna L - Sun, Sand, Sea And Sex",,,,https://www.lobstertube.com/out/?l=3AASCc4WEYmEq3pEMU90aEdkQzhLAtlMaHR0cHM6Ly92aWQtaXAuY29tL3ZpZGVvLzE4ODY1NzMvYW5uYS1sLXN1bi1zYW5kLXNlYS1hbmQtc2V4Lz9jYW1wYWlnbj0xMDE0Ns0DRqJ0YwHNB8KrYWx0X3BvcHVsYXIU2TB7ImFsbCI6IiIsIm9yaWVudGF0aW9uIjoic3RyYWlnaHQiLCJwcmljaW5nIjoiIn3NeqXOaNq226hwb3Juc3RhcsyCwNl8W3siMSI6IlZ3T2lnQVZGZkFRIn0seyIyIjoiZ05RY0Njb0VsaE0ifSx7IjMiOiJRaGFGWUU3ZUxhWiJ9LHsiLTEiOiJ3OTh0NmN6MGM1VCJ9LHsiLTIiOiI0N1IxTXplejBKRCJ9LHsiLTMiOiJqbmVRNkxpYkw3UyJ9XQ%3D%3D&c=e281dac2&v=3&
Anna Ralphs has Sex In Bedroom,,,,https://www.lobstertube.com/out/?l=3AASCc4XA96sq1Z3T2lnQVZGZkFRAtk/aHR0cHM6Ly94aGFuZC5uZXQvdmlkZW9zLzExNDgyMC9hbm5hLXJhbHBocy1oYXMtc2V4LWluLWJlZHJvb20vzQMhonRjAc0Hm6thbHRfcG9wdWxhchXZMHsiYWxsIjoiIiwib3JpZW50YXRpb24iOiJzdHJhaWdodCIsInByaWNpbmciOiIifc16pc5o2rbbqHBvcm5zdGFyzILA2XxbeyIxIjoiZ05RY0Njb0VsaE0ifSx7IjIiOiJRaGFGWUU3ZUxhWiJ9LHsiMyI6Ilh6eExaOXNDN2JjIn0seyItMSI6InpEMU90aEdkQzhLIn0seyItMiI6Inc5OHQ2Y3owYzVUIn0seyItMyI6IjQ3UjFNemV6MEpEIn1d&c=ebd1a6a8&v=3&
Anna Ralphs gets fucked in the luxurious hotel,,,,https://www.lobstertube.com/out/?l=3AASCc4b29hKq2dOUWNDY29FbGhNAtmAaHR0cHM6Ly94Z3Jvb3Z5LmNvbS92aWRlb3MvMzI5NTM0L2FubmEtcmFscGhzLWdldHMtZnVja2VkLWluLXRoZS1sdXh1cmlvdXMtaG90ZWwvP3V0bV9zb3VyY2U9cGJ3JnV0bV9tZWRpdW09YW53JnV0bV9jYW1wYWlnbj1wYnfNA0OidGMBzQe/q2FsdF9wb3B1bGFyFtkweyJhbGwiOiIiLCJvcmllbnRhdGlvbiI6InN0cmFpZ2h0IiwicHJpY2luZyI6IiJ9zXqlzmjattuocG9ybnN0YXLMgsDZfFt7IjEiOiJRaGFGWUU3ZUxhWiJ9LHsiMiI6Ilh6eExaOXNDN2JjIn0seyIzIjoiUnViMk95WTRhTWcifSx7Ii0xIjoiVndPaWdBVkZmQVEifSx7Ii0yIjoiekQxT3RoR2RDOEsifSx7Ii0zIjoidzk4dDZjejBjNVQifV0%3D&c=238ae52a&v=3&
Anna Ralphs - Shopping Mall Fuck,,,,https://www.lobstertube.com/out/?l=3AASCc4YKhkmq1FoYUZZRTdlTGFaArlodHRwczovL3Z2dHZpZC5jb20vdi9oUURozQGConRjAc0DM6thbHRfcG9wdWxhchfZMHsiYWxsIjoiIiwib3JpZW50YXRpb24iOiJzdHJhaWdodCIsInByaWNpbmciOiIifc16pc5o2rbbqHBvcm5zdGFyzILA2XxbeyIxIjoiWHp4TFo5c0M3YmMifSx7IjIiOiJSdWIyT3lZNGFNZyJ9LHsiMyI6Im5SdEZmYkV0MHd3In0seyItMSI6ImdOUWNDY29FbGhNIn0seyItMiI6IlZ3T2lnQVZGZkFRIn0seyItMyI6InpEMU90aEdkQzhLIn1d&c=ff4bed68&v=3&
Feeding My Sex-Starved Stepmom - S10:E4,,,,https://www.lobstertube.com/out/?l=3AASCc4X0Y2jq1h6eExaOXNDN2JjAtlaaHR0cHM6Ly9zb21lLnBvcm4vdmlkZW8vMTEzMDU1L2ZlZWRpbmctbXktc2V4LXN0YXJ2ZWQtc3RlcG1vbS1zMTAtZTQ/dXRtX2NhbXBhaWduPTkzM2FiMmZmzQWronRjAc0KN6thbHRfcG9wdWxhchjZMHsiYWxsIjoiIiwib3JpZW50YXRpb24iOiJzdHJhaWdodCIsInByaWNpbmciOiIifc16pc5o2rbbqHBvcm5zdGFyzILA2XxbeyIxIjoiUnViMk95WTRhTWcifSx7IjIiOiJuUnRGZmJFdDB3dyJ9LHsiMyI6IkxVcVFjSjV5b1p2In0seyItMSI6IlFoYUZZRTdlTGFaIn0seyItMiI6ImdOUWNDY29FbGhNIn0seyItMyI6IlZ3T2lnQVZGZkFRIn1d&c=bfed95a4&v=3&
Anna Ralphs In Yellow Croptop In The Changing Room,,,,https://www.lobstertube.com/out/?l=3AASCc4W%2BPUJq1J1YjJPeVk0YU1nAtmIaHR0cHM6Ly93d3cucHhvaHViLmNvbS92aWRlb3MvMjYxOTI3Ny9hbm5hLXJhbHBocy1pbi15ZWxsb3ctY3JvcHRvcC1pbi10aGUtY2hhbmdpbmctcm9vbS8/dXRtX3NvdXJjZT1hd24mdXRtX21lZGl1bT10Z3AmdXRtX2NhbXBhaWduPWNwY80BkKJ0YwE0q2FsdF9wb3B1bGFyGdkweyJhbGwiOiIiLCJvcmllbnRhdGlvbiI6InN0cmFpZ2h0IiwicHJpY2luZyI6IiJ9zXqlzmjattuocG9ybnN0YXLMgsDZfFt7IjEiOiJuUnRGZmJFdDB3dyJ9LHsiMiI6IkxVcVFjSjV5b1p2In0seyIzIjoiNEFUV2dnaVM4RUcifSx7Ii0xIjoiWHp4TFo5c0M3YmMifSx7Ii0yIjoiUWhhRllFN2VMYVoifSx7Ii0zIjoiZ05RY0Njb0VsaE0ifV0%3D&c=6596862f&v=3&
Anna Ralphs - Cum,,,,https://www.lobstertube.com/out/?l=3AASCc4aYD5Gq25SdEZmYkV0MHd3AtllaHR0cHM6Ly93d3cucHhvaHViLmNvbS92aWRlb3MvMjc2NTQyMy9hbm5hLXJhbHBocy1jdW0vP3V0bV9zb3VyY2U9YXduJnV0bV9tZWRpdW09dGdwJnV0bV9jYW1wYWlnbj1jcGPNAZCidGMBNKthbHRfcG9wdWxhchrZMHsiYWxsIjoiIiwib3JpZW50YXRpb24iOiJzdHJhaWdodCIsInByaWNpbmciOiIifc16pc5o2rbbqHBvcm5zdGFyzILA2XxbeyIxIjoiTFVxUWNKNXlvWnYifSx7IjIiOiI0QVRXZ2dpUzhFRyJ9LHsiMyI6IjhsVXNyRUJBbFhMIn0seyItMSI6IlJ1YjJPeVk0YU1nIn0seyItMiI6Ilh6eExaOXNDN2JjIn0seyItMyI6IlFoYUZZRTdlTGFaIn1d&c=b0e0d9d5&v=3&
Anna Ralphs Deep Throat Face Fuck Video,,,,https://www.lobstertube.com/out/?l=3AASCc4WrIE7q0xVcVFjSjV5b1p2AtlKaHR0cHM6Ly94b3ppbGxhLnh4eC92aWRlb3MvNjUwMjI0L2FubmEtcmFscGhzLWRlZXAtdGhyb2F0LWZhY2UtZnVjay12aWRlby/NAkiidGMBzQbAq2FsdF9wb3B1bGFyG9kweyJhbGwiOiIiLCJvcmllbnRhdGlvbiI6InN0cmFpZ2h0IiwicHJpY2luZyI6IiJ9zXqlzmjattuocG9ybnN0YXLMgsDZfFt7IjEiOiI0QVRXZ2dpUzhFRyJ9LHsiMiI6IjhsVXNyRUJBbFhMIn0seyIzIjoiSXRkdVNjY0FzNkUifSx7Ii0xIjoiblJ0RmZiRXQwd3cifSx7Ii0yIjoiUnViMk95WTRhTWcifSx7Ii0zIjoiWHp4TFo5c0M3YmMifV0%3D&c=5faae2ec&v=3&
Wonderful whore sex breathtaking movie,,,,https://www.lobstertube.com/out/?l=3AASCc4ZVHtAqzRBVFdnZ2lTOEVHAtlHaHR0cHM6Ly94aGFuZC5uZXQvdmlkZW9zLzE0NjkwNy93b25kZXJmdWwtd2hvcmUtc2V4LWJyZWF0aHRha2luZy1tb3ZpZS/NAyGidGMBzQebq2FsdF9wb3B1bGFyHNkweyJhbGwiOiIiLCJvcmllbnRhdGlvbiI6InN0cmFpZ2h0IiwicHJpY2luZyI6IiJ9zXqlzmjattuocG9ybnN0YXLMgsDZfFt7IjEiOiI4bFVzckVCQWxYTCJ9LHsiMiI6Ikl0ZHVTY2NBczZFIn0seyIzIjoicDVVNW5qM2ZXSTEifSx7Ii0xIjoiTFVxUWNKNXlvWnYifSx7Ii0yIjoiblJ0RmZiRXQwd3cifSx7Ii0zIjoiUnViMk95WTRhTWcifV0%3D&c=cef2cc2e&v=3&
Anna Ralphs - Lovemaking,,,,https://www.lobstertube.com/out/?l=3AASCc4aXpRPqzhsVXNyRUJBbFhMAtlsaHR0cHM6Ly93d3cucHhvaHViLmNvbS92aWRlb3MvMjc2NTE0OS9hbm5hLXJhbHBocy1sb3ZlbWFraW5nLz91dG1fc291cmNlPWF3biZ1dG1fbWVkaXVtPXRncCZ1dG1fY2FtcGFpZ249Y3BjzQGQonRjATSrYWx0X3BvcHVsYXId2TB7ImFsbCI6IiIsIm9yaWVudGF0aW9uIjoic3RyYWlnaHQiLCJwcmljaW5nIjoiIn3NeqXOaNq226hwb3Juc3RhcsyCwNl8W3siMSI6Ikl0ZHVTY2NBczZFIn0seyIyIjoicDVVNW5qM2ZXSTEifSx7IjMiOiJOejN1eW0wcUMxQyJ9LHsiLTEiOiI0QVRXZ2dpUzhFRyJ9LHsiLTIiOiJMVXFRY0o1eW9adiJ9LHsiLTMiOiJuUnRGZmJFdDB3dyJ9XQ%3D%3D&c=b00257a5&v=3&
Anna Ralphs (  Wild West Cowgirl )1080p fksf,,,,https://www.lobstertube.com/out/?l=3AASCc4b5s9jq0l0ZHVTY2NBczZFAtl9aHR0cHM6Ly93d3cuZXBvcm5lci5jb20vdmlkZW8tWDN5T043U09MTzEvYW5uYS1yYWxwaHMtd2lsZC13ZXN0LWNvd2dpcmwtMTA4MHAtZmtzZi8/dHJ4PTEyMjc3MzUyOTBhZWU2OTRiODE0NzNhMjU2YmVhMTI0MjA3MTLNAXuidGMBO6thbHRfcG9wdWxhch7ZMHsiYWxsIjoiIiwib3JpZW50YXRpb24iOiJzdHJhaWdodCIsInByaWNpbmciOiIifc16pc5o2rbbqHBvcm5zdGFyzILA2XxbeyIxIjoicDVVNW5qM2ZXSTEifSx7IjIiOiJOejN1eW0wcUMxQyJ9LHsiMyI6Ild3TzZEWEp1dXE5In0seyItMSI6IjhsVXNyRUJBbFhMIn0seyItMiI6IjRBVFdnZ2lTOEVHIn0seyItMyI6IkxVcVFjSjV5b1p2In1d&c=5e9a0ab6&v=3&
Anna Ralphs In Yellow Croptop In The Changing Room,,,,https://www.lobstertube.com/out/?l=3AASCc4XBiwYq3A1VTVuajNmV0kxArlodHRwczovL3ZwdHZpZC5jb20vdi9BODlCzQHDonRjAc0DEqthbHRfcG9wdWxhch/ZMHsiYWxsIjoiIiwib3JpZW50YXRpb24iOiJzdHJhaWdodCIsInByaWNpbmciOiIifc16pc5o2rbbqHBvcm5zdGFyzILA2XxbeyIxIjoiTnozdXltMHFDMUMifSx7IjIiOiJXd082RFhKdXVxOSJ9LHsiMyI6IkxIU1FGTWtyRUZEIn0seyItMSI6Ikl0ZHVTY2NBczZFIn0seyItMiI6IjhsVXNyRUJBbFhMIn0seyItMyI6IjRBVFdnZ2lTOEVHIn1d&c=05bd6981&v=3&
Anna L And Danny Sex Session,,,,https://www.lobstertube.com/out/?l=3AASCc4XW/mwq056M3V5bTBxQzFDAtlNaHR0cHM6Ly92aWRlb294eHguY29tL3ZpZGVvcy8yODU3MTkvYW5uYS1sLWFuZC1kYW5ueS1zZXgtc2Vzc2lvbi8/cHJvbW89NDcyNznNBNOidGMBzQlXq2FsdF9wb3B1bGFyINkweyJhbGwiOiIiLCJvcmllbnRhdGlvbiI6InN0cmFpZ2h0IiwicHJpY2luZyI6IiJ9zXqlzmjattuocG9ybnN0YXLMgsDZfFt7IjEiOiJXd082RFhKdXVxOSJ9LHsiMiI6IkxIU1FGTWtyRUZEIn0seyIzIjoicUpmeGd1Ym5rdjkifSx7Ii0xIjoicDVVNW5qM2ZXSTEifSx7Ii0yIjoiSXRkdVNjY0FzNkUifSx7Ii0zIjoiOGxVc3JFQkFsWEwifV0%3D&c=a720275c&v=3&
Anna Ralphs Bigtits Blowjob Hardcore,,,,https://www.lobstertube.com/out/?l=3AASCc4WyX3Qq1d3TzZEWEp1dXE5ArlodHRwczovL3Z2dHZpZC5jb20vdi9oblVizQGConRjAc0DM6thbHRfcG9wdWxhciHZMHsiYWxsIjoiIiwib3JpZW50YXRpb24iOiJzdHJhaWdodCIsInByaWNpbmciOiIifc16pc5o2rbbqHBvcm5zdGFyzILA2XxbeyIxIjoiTEhTUUZNa3JFRkQifSx7IjIiOiJxSmZ4Z3Vibmt2OSJ9LHsiMyI6InpncHNmN2w4UzFDIn0seyItMSI6Ik56M3V5bTBxQzFDIn0seyItMiI6InA1VTVuajNmV0kxIn0seyItMyI6Ikl0ZHVTY2NBczZFIn1d&c=6b8d40f7&v=3&
Anna Ralphs hot teen amateur sex fun,,,,https://www.lobstertube.com/out/?l=3AASCc4WufILq0xIU1FGTWtyRUZEAtlHaHR0cHM6Ly94b3ppbGxhLnh4eC92aWRlb3MvNjQyNjQ0L2FubmEtcmFscGhzLWhvdC10ZWVuLWFtYXRldXItc2V4LWZ1bi/NAkiidGMBzQbAq2FsdF9wb3B1bGFyItkweyJhbGwiOiIiLCJvcmllbnRhdGlvbiI6InN0cmFpZ2h0IiwicHJpY2luZyI6IiJ9zXqlzmjattuocG9ybnN0YXLMgsDZfFt7IjEiOiJxSmZ4Z3Vibmt2OSJ9LHsiMiI6InpncHNmN2w4UzFDIn0seyIzIjoiUmJWRXRrbE1wQUcifSx7Ii0xIjoiV3dPNkRYSnV1cTkifSx7Ii0yIjoiTnozdXltMHFDMUMifSx7Ii0zIjoicDVVNW5qM2ZXSTEifV0%3D&c=c7ed8a85&v=3&
Leggy Anna Ralphs xxx breathtaking video,,,,https://www.lobstertube.com/out/?l=3AASCc4aEI82q3FKZnhndWJua3Y5AtlJaHR0cHM6Ly94aGFuZC5uZXQvdmlkZW9zLzE0ODEzMy9sZWdneS1hbm5hLXJhbHBocy14eHgtYnJlYXRodGFraW5nLXZpZGVvL80DIaJ0YwHNB5urYWx0X3BvcHVsYXIj2TB7ImFsbCI6IiIsIm9yaWVudGF0aW9uIjoic3RyYWlnaHQiLCJwcmljaW5nIjoiIn3NeqXOaNq226hwb3Juc3RhcsyCwNl8W3siMSI6InpncHNmN2w4UzFDIn0seyIyIjoiUmJWRXRrbE1wQUcifSx7IjMiOiJtem9jcHV5N1VCcCJ9LHsiLTEiOiJMSFNRRk1rckVGRCJ9LHsiLTIiOiJXd082RFhKdXVxOSJ9LHsiLTMiOiJOejN1eW0wcUMxQyJ9XQ%3D%3D&c=e31f65e2&v=3&
OnlyFans Anna Ralphs Waiting For Boyfriend To Fuck Me,,,,https://www.lobstertube.com/out/?l=3AASCc4ZuH3oq3pncHNmN2w4UzFDArlodHRwczovL2plcHZpZC5jb20vdi9nS1F6zQGDonRjAc0DNKthbHRfcG9wdWxhciTZMHsiYWxsIjoiIiwib3JpZW50YXRpb24iOiJzdHJhaWdodCIsInByaWNpbmciOiIifc16pc5o2rbbqHBvcm5zdGFyzILA2XxbeyIxIjoiUmJWRXRrbE1wQUcifSx7IjIiOiJtem9jcHV5N1VCcCJ9LHsiMyI6IjBWYlpFeExaVEFtIn0seyItMSI6InFKZnhndWJua3Y5In0seyItMiI6IkxIU1FGTWtyRUZEIn0seyItMyI6Ild3TzZEWEp1dXE5In1d&c=8fb19a09&v=3&
Anna L -sex On The Beach,,,,https://www.lobstertube.com/out/?l=3AASCc4Wr%2BU4q1JiVkV0a2xNcEFHAtlMaHR0cHM6Ly92aWRlb21hbnlzZXguY29tL3ZpZGVvLzI3NTk3NjkvYW5uYS1sLXNleC1vbi10aGUtYmVhY2gyLz9wcm9tbz00NzI3Oc0DnqJ0YwHNCBurYWx0X3BvcHVsYXIl2TB7ImFsbCI6IiIsIm9yaWVudGF0aW9uIjoic3RyYWlnaHQiLCJwcmljaW5nIjoiIn3NeqXOaNq226hwb3Juc3RhcsyCwNl8W3siMSI6Im16b2NwdXk3VUJwIn0seyIyIjoiMFZiWkV4TFpUQW0ifSx7IjMiOiJIMDQ0c3pjWEl0MCJ9LHsiLTEiOiJ6Z3BzZjdsOFMxQyJ9LHsiLTIiOiJxSmZ4Z3Vibmt2OSJ9LHsiLTMiOiJMSFNRRk1rckVGRCJ9XQ%3D%3D&c=71f16c09&v=3&
Anna Ralphs Cock Sucking and Footjob - Homemade Sex,,,,https://www.lobstertube.com/out/?l=3AASCc4WBtqkq216b2NwdXk3VUJwAtlUaHR0cHM6Ly9hbmFsZGluLnh4eC92aWRlb3MvNjgyODkxL2FubmEtcmFscGhzLWNvY2stc3Vja2luZy1hbmQtZm9vdGpvYi1ob21lbWFkZS1zZXgvzQJJonRjAc0Gv6thbHRfcG9wdWxhcibZMHsiYWxsIjoiIiwib3JpZW50YXRpb24iOiJzdHJhaWdodCIsInByaWNpbmciOiIifc16pc5o2rbbqHBvcm5zdGFyzILA2XxbeyIxIjoiMFZiWkV4TFpUQW0ifSx7IjIiOiJIMDQ0c3pjWEl0MCJ9LHsiMyI6IllUTVVpcExJbW83In0seyItMSI6IlJiVkV0a2xNcEFHIn0seyItMiI6InpncHNmN2w4UzFDIn0seyItMyI6InFKZnhndWJua3Y5In1d&c=4b02a5e9&v=3&
Anna Ralphs - Redhead POV Fuck,,,,https://www.lobstertube.com/out/?l=3AASCc4WoODNqzBWYlpFeExaVEFtArlodHRwczovL3Z2dHZpZC5jb20vdi9oazJPzQGConRjAc0DM6thbHRfcG9wdWxhcifZMHsiYWxsIjoiIiwib3JpZW50YXRpb24iOiJzdHJhaWdodCIsInByaWNpbmciOiIifc16pc5o2rbbqHBvcm5zdGFyzILA2XxbeyIxIjoiSDA0NHN6Y1hJdDAifSx7IjIiOiJZVE1VaXBMSW1vNyJ9LHsiMyI6IkpuMFlDMzYzT1NXIn0seyItMSI6Im16b2NwdXk3VUJwIn0seyItMiI6IlJiVkV0a2xNcEFHIn0seyItMyI6InpncHNmN2w4UzFDIn1d&c=6c5271af&v=3&
Beautiful Anna Ralphs xxx soul-stirring movie,,,,https://www.lobstertube.com/out/?l=3AASCc4Z1ijTq0gwNDRzemNYSXQwAtlQaHR0cHM6Ly9hbmFsZGluLnh4eC92aWRlb3MvNzY1MDQzL2JlYXV0aWZ1bC1hbm5hLXJhbHBocy14eHgtc291bC1zdGlycmluZy1tb3ZpZS/NAkmidGMBzQa/q2FsdF9wb3B1bGFyKNkweyJhbGwiOiIiLCJvcmllbnRhdGlvbiI6InN0cmFpZ2h0IiwicHJpY2luZyI6IiJ9zXqlzmjattuocG9ybnN0YXLMgsDZfFt7IjEiOiJZVE1VaXBMSW1vNyJ9LHsiMiI6IkpuMFlDMzYzT1NXIn0seyIzIjoiQ2V3VWk3QW5sRlIifSx7Ii0xIjoiMFZiWkV4TFpUQW0ifSx7Ii0yIjoibXpvY3B1eTdVQnAifSx7Ii0zIjoiUmJWRXRrbE1wQUcifV0%3D&c=00544787&v=3&
Exciting pornstar sex soul-stirring scene,,,,https://www.lobstertube.com/out/?l=3AASCc4Z11O2q1lUTVVpcExJbW83AtlMaHR0cHM6Ly9hbmFsZGluLnh4eC92aWRlb3MvNzY0OTY1L2V4Y2l0aW5nLXBvcm5zdGFyLXNleC1zb3VsLXN0aXJyaW5nLXNjZW5lL80CSaJ0YwHNBr%2BrYWx0X3BvcHVsYXIp2TB7ImFsbCI6IiIsIm9yaWVudGF0aW9uIjoic3RyYWlnaHQiLCJwcmljaW5nIjoiIn3NeqXOaNq226hwb3Juc3RhcsyCwNl8W3siMSI6IkpuMFlDMzYzT1NXIn0seyIyIjoiQ2V3VWk3QW5sRlIifSx7IjMiOiJreUhOb1p0aEc5aSJ9LHsiLTEiOiJIMDQ0c3pjWEl0MCJ9LHsiLTIiOiIwVmJaRXhMWlRBbSJ9LHsiLTMiOiJtem9jcHV5N1VCcCJ9XQ%3D%3D&c=2bb93598&v=3&
Beautiful brunette babe Anna Ralphs gets fucked and creampied on the couch,,,,https://www.lobstertube.com/out/?l=3AASCc4atJt%2Bq0puMFlDMzYzT1NXAtl7aHR0cHM6Ly93d3cuc2V4b2NlYW4ubmV0L2dhbC8xMDI0MzIyL0JlYXV0aWZ1bF9icnVuZXR0ZV9iYWJlX0FubmFfUmFscGhzX2dldHNfZnVja2VkX2FuZF9jcmVhbXBpZWRfb25fdGhlX2NvdWNoLz9yZWZ0YWc9cF9tzQaaonRjAc0LMqthbHRfcG9wdWxhcirZMHsiYWxsIjoiIiwib3JpZW50YXRpb24iOiJzdHJhaWdodCIsInByaWNpbmciOiIifc16pc5o2rbbqHBvcm5zdGFyzILA2XxbeyIxIjoiQ2V3VWk3QW5sRlIifSx7IjIiOiJreUhOb1p0aEc5aSJ9LHsiMyI6IkFPczhlSGtqNzZrIn0seyItMSI6IllUTVVpcExJbW83In0seyItMiI6IkgwNDRzemNYSXQwIn0seyItMyI6IjBWYlpFeExaVEFtIn1d&c=b984ff44&v=3&
Anna Ralphs - Wild West Cowgirl BG Fuck,,,,https://www.lobstertube.com/out/?l=3AASCc4ZsODDq0Nld1VpN0FubEZSArlodHRwczovL2gyMXZpZC5jb20vdi9nMDhRzQGEonRjAc0DNathbHRfcG9wdWxhcivZMHsiYWxsIjoiIiwib3JpZW50YXRpb24iOiJzdHJhaWdodCIsInByaWNpbmciOiIifc16pc5o2rbbqHBvcm5zdGFyzILA2XxbeyIxIjoia3lITm9adGhHOWkifSx7IjIiOiJBT3M4ZUhrajc2ayJ9LHsiMyI6Ik5mV2NHdmpPUUVRIn0seyItMSI6IkpuMFlDMzYzT1NXIn0seyItMiI6IllUTVVpcExJbW83In0seyItMyI6IkgwNDRzemNYSXQwIn1d&c=073d0202&v=3&
Anna L - Lovemaking,,,,https://www.lobstertube.com/out/?l=3AASCc4Wr/jhq2t5SE5vWnRoRzlpAtlFaHR0cHM6Ly92aWRlb21hbnlzZXguY29tL3ZpZGVvLzI4MDQ2NjMvYW5uYS1sLWxvdmVtYWtpbmcvP3Byb21vPTQ3Mjc5zQOeonRjAc0IG6thbHRfcG9wdWxhcizZMHsiYWxsIjoiIiwib3JpZW50YXRpb24iOiJzdHJhaWdodCIsInByaWNpbmciOiIifc16pc5o2rbbqHBvcm5zdGFyzILA2XxbeyIxIjoiQU9zOGVIa2o3NmsifSx7IjIiOiJOZldjR3ZqT1FFUSJ9LHsiMyI6IkRxc3FNcEx6UmJJIn0seyItMSI6IkNld1VpN0FubEZSIn0seyItMiI6IkpuMFlDMzYzT1NXIn0seyItMyI6IllUTVVpcExJbW83In1d&c=339b35e9&v=3&
Anna Ralphs Leggings Sextape,,,,https://www.lobstertube.com/out/?l=3AASCc4Zv6I1q0FPczhlSGtqNzZrArlodHRwczovL2RydHZpZC5jb20vdi9PS3B4zQGRonRjATWrYWx0X3BvcHVsYXIt2TB7ImFsbCI6IiIsIm9yaWVudGF0aW9uIjoic3RyYWlnaHQiLCJwcmljaW5nIjoiIn3NeqXOaNq226hwb3Juc3RhcsyCwNl8W3siMSI6Ik5mV2NHdmpPUUVRIn0seyIyIjoiRHFzcU1wTHpSYkkifSx7IjMiOiJJOXphRkZiOFMwRCJ9LHsiLTEiOiJreUhOb1p0aEc5aSJ9LHsiLTIiOiJDZXdVaTdBbmxGUiJ9LHsiLTMiOiJKbjBZQzM2M09TVyJ9XQ%3D%3D&c=d1d356fd&v=3&
Anna Ralphs - Kitchen Sex,,,,https://www.lobstertube.com/out/?l=3AASCc4YRmwwq05mV2NHdmpPUUVRArlodHRwczovL252ZHZpZC5jb20vdi9LaWx4zQGgonRjAcyTq2FsdF9wb3B1bGFyLtkweyJhbGwiOiIiLCJvcmllbnRhdGlvbiI6InN0cmFpZ2h0IiwicHJpY2luZyI6IiJ9zXqlzmjattuocG9ybnN0YXLMgsDZfFt7IjEiOiJEcXNxTXBMelJiSSJ9LHsiMiI6Ikk5emFGRmI4UzBEIn0seyIzIjoiRERhMkpOTXJaaVMifSx7Ii0xIjoiQU9zOGVIa2o3NmsifSx7Ii0yIjoia3lITm9adGhHOWkifSx7Ii0zIjoiQ2V3VWk3QW5sRlIifV0%3D&c=545dde10&v=3&
[OF] Anna Ralphs - Couch Creampie PPV Vjv7 - Carley Nubiles - Carley nubiles,,,,https://www.lobstertube.com/out/?l=3AASCc4cqeyOq0Rxc3FNcEx6UmJJAtlnaHR0cHM6Ly94b3ppbGxhLnh4eC92aWRlb3MvNzI5Mzg2L29mLWFubmEtcmFscGhzLWNvdWNoLWNyZWFtcGllLXBwdi12anY3LWNhcmxleS1udWJpbGVzLWNhcmxleS1udWJpbGVzL80CSKJ0YwHNBsCrYWx0X3BvcHVsYXIv2TB7ImFsbCI6IiIsIm9yaWVudGF0aW9uIjoic3RyYWlnaHQiLCJwcmljaW5nIjoiIn3NeqXOaNq226hwb3Juc3RhcsyCwNl8W3siMSI6Ikk5emFGRmI4UzBEIn0seyIyIjoiRERhMkpOTXJaaVMifSx7IjMiOiJGbXBpNGRuN29FViJ9LHsiLTEiOiJOZldjR3ZqT1FFUSJ9LHsiLTIiOiJBT3M4ZUhrajc2ayJ9LHsiLTMiOiJreUhOb1p0aEc5aSJ9XQ%3D%3D&c=37281fd5&v=3&
Anna Ralphs - Fucked on the beach,,,,https://www.lobstertube.com/out/?l=3AASCc4Z7mfmq0k5emFGRmI4UzBEArlodHRwczovL2RydHZpZC5jb20vdi9PU25RzQGRonRjATWrYWx0X3BvcHVsYXIw2TB7ImFsbCI6IiIsIm9yaWVudGF0aW9uIjoic3RyYWlnaHQiLCJwcmljaW5nIjoiIn3NeqXOaNq226hwb3Juc3RhcsyCwNl8W3siMSI6IkREYTJKTk1yWmlTIn0seyIyIjoiRm1waTRkbjdvRVYifSx7IjMiOiIySU5JWHJCcVdEUyJ9LHsiLTEiOiJEcXNxTXBMelJiSSJ9LHsiLTIiOiJOZldjR3ZqT1FFUSJ9LHsiLTMiOiJBT3M4ZUhrajc2ayJ9XQ%3D%3D&c=f7606b48&v=3&
OnlyFans - Anna Ralphs,,,,https://www.lobstertube.com/out/?l=3AASCc4azoGcq0REYTJKTk1yWmlTArlodHRwczovL3Z2dHZpZC5jb20vdi9pc01BzQGConRjAc0DM6thbHRfcG9wdWxhcjHZMHsiYWxsIjoiIiwib3JpZW50YXRpb24iOiJzdHJhaWdodCIsInByaWNpbmciOiIifc16pc5o2rbbqHBvcm5zdGFyzILA2XxbeyIxIjoiRm1waTRkbjdvRVYifSx7IjIiOiIySU5JWHJCcVdEUyJ9LHsiMyI6InJ1b0tqUGxIN0dVIn0seyItMSI6Ikk5emFGRmI4UzBEIn0seyItMiI6IkRxc3FNcEx6UmJJIn0seyItMyI6Ik5mV2NHdmpPUUVRIn1d&c=a3600587&v=3&
Anna L Treatment Of Female Hysteria,,,,https://www.lobstertube.com/out/?l=3AASCc4XZxi7q0ZtcGk0ZG43b0VWAtlXaHR0cHM6Ly92aWRlb21hbnlzZXguY29tL3ZpZGVvLzMxMTA4NjcvYW5uYS1sLXRyZWF0bWVudC1vZi1mZW1hbGUtaHlzdGVyaWEvP3Byb21vPTQ3Mjc5zQOeonRjAc0IG6thbHRfcG9wdWxhcjLZMHsiYWxsIjoiIiwib3JpZW50YXRpb24iOiJzdHJhaWdodCIsInByaWNpbmciOiIifc16pc5o2rbbqHBvcm5zdGFyzILA2XxbeyIxIjoiMklOSVhyQnFXRFMifSx7IjIiOiJydW9LalBsSDdHVSJ9LHsiMyI6IkVGQ3RaVjJrR29OIn0seyItMSI6IkREYTJKTk1yWmlTIn0seyItMiI6Ikk5emFGRmI4UzBEIn0seyItMyI6IkRxc3FNcEx6UmJJIn1d&c=fdbd5d69&v=3&
"Russian Girls, Anna Ralphs And Russian Anna In First Female Erotic Massage",,,,https://www.lobstertube.com/out/?l=3AASCc4adwGJqzJJTklYckJxV0RTAtl4aHR0cHM6Ly9mdXB4eS5jb20vdmlkZW9zLzE0MzExODkvcnVzc2lhbi1naXJscy1hbm5hLXJhbHBocy1hbmQtcnVzc2lhbi1hbm5hLWluLWZpcnN0LWZlbWFsZS1lcm90aWMtbWFzc2FnZS8/cHViaWQ9MTAzMzU4zQYOonRjAc0KnqthbHRfcG9wdWxhcjPZMHsiYWxsIjoiIiwib3JpZW50YXRpb24iOiJzdHJhaWdodCIsInByaWNpbmciOiIifc16pc5o2rbbqHBvcm5zdGFyzILA2XxbeyIxIjoicnVvS2pQbEg3R1UifSx7IjIiOiJFRkN0WlYya0dvTiJ9LHsiMyI6IlhZVmgyS1RhNnlWIn0seyItMSI6IkZtcGk0ZG43b0VWIn0seyItMiI6IkREYTJKTk1yWmlTIn0seyItMyI6Ikk5emFGRmI4UzBEIn1d&c=68db32af&v=3&
Anna Ralphs Fuck - Anna Lovato,,,,https://www.lobstertube.com/out/?l=3AASCc4auRWGq3J1b0tqUGxIN0dVAtlyaHR0cHM6Ly93d3cucHhvaHViLmNvbS92aWRlb3MvMjc3NzUxNC9hbm5hLXJhbHBocy1mdWNrLWFubmEtbG92YXRvLz91dG1fc291cmNlPWF3biZ1dG1fbWVkaXVtPXRncCZ1dG1fY2FtcGFpZ249Y3BjzQGQonRjATSrYWx0X3BvcHVsYXI02TB7ImFsbCI6IiIsIm9yaWVudGF0aW9uIjoic3RyYWlnaHQiLCJwcmljaW5nIjoiIn3NeqXOaNq226hwb3Juc3RhcsyCwNl8W3siMSI6IkVGQ3RaVjJrR29OIn0seyIyIjoiWFlWaDJLVGE2eVYifSx7IjMiOiJpd3d1UHhNY0J5UyJ9LHsiLTEiOiIySU5JWHJCcVdEUyJ9LHsiLTIiOiJGbXBpNGRuN29FViJ9LHsiLTMiOiJERGEySk5NclppUyJ9XQ%3D%3D&c=4cdf1d3c&v=3&
OnlyFans Anna Ralphs #teen #cute #hardcore #blowjob,,,,https://www.lobstertube.com/out/?l=3AASCc4UnXYfq0VGQ3RaVjJrR29OArlodHRwczovL252ZHZpZC5jb20vdi9HNFVxzQGgonRjAcyTq2FsdF9wb3B1bGFyNdkweyJhbGwiOiIiLCJvcmllbnRhdGlvbiI6InN0cmFpZ2h0IiwicHJpY2luZyI6IiJ9zXqlzmjattuocG9ybnN0YXLMgsDZfFt7IjEiOiJYWVZoMktUYTZ5ViJ9LHsiMiI6Iml3d3VQeE1jQnlTIn0seyIzIjoibGZvdUQ1cVJFVEYifSx7Ii0xIjoicnVvS2pQbEg3R1UifSx7Ii0yIjoiMklOSVhyQnFXRFMifSx7Ii0zIjoiRm1waTRkbjdvRVYifV0%3D&c=e7262eec&v=3&
Cumshot Compilation With Anna Ralphs,,,,https://www.lobstertube.com/out/?l=3AASCc4axo2kq1hZVmgyS1RhNnlWAtlSaHR0cHM6Ly9rZXB4eS5jb20vdmlkZW9zLzEwOTUzOS9jdW1zaG90LWNvbXBpbGF0aW9uLXdpdGgtYW5uYS1yYWxwaHMvP3B1YmlkPTEwMzM1OM0GtKJ0YwHNC0yrYWx0X3BvcHVsYXI22TB7ImFsbCI6IiIsIm9yaWVudGF0aW9uIjoic3RyYWlnaHQiLCJwcmljaW5nIjoiIn3NeqXOaNq226hwb3Juc3RhcsyCwNl8W3siMSI6Iml3d3VQeE1jQnlTIn0seyIyIjoibGZvdUQ1cVJFVEYifSx7IjMiOiIyTHQyUHlDRXdSYiJ9LHsiLTEiOiJFRkN0WlYya0dvTiJ9LHsiLTIiOiJydW9LalBsSDdHVSJ9LHsiLTMiOiIySU5JWHJCcVdEUyJ9XQ%3D%3D&c=9a3d5f87&v=3&
Anna L And Danny - The Best Blowjob Ever,,,,https://www.lobstertube.com/out/?l=3AASCc4YSHwyq2l3d3VQeE1jQnlTAtlXaHR0cHM6Ly92aWRlb294eHguY29tL3ZpZGVvcy8zMTU4MTMvYW5uYS1sLWFuZC1kYW5ueS10aGUtYmVzdC1ibG93am9iLWV2ZXIvP3Byb21vPTQ3Mjc5zQTTonRjAc0JV6thbHRfcG9wdWxhcjfZMHsiYWxsIjoiIiwib3JpZW50YXRpb24iOiJzdHJhaWdodCIsInByaWNpbmciOiIifc16pc5o2rbbqHBvcm5zdGFyzILA2XxbeyIxIjoibGZvdUQ1cVJFVEYifSx7IjIiOiIyTHQyUHlDRXdSYiJ9LHsiMyI6ImtBYllmaFRDUUxDIn0seyItMSI6IlhZVmgyS1RhNnlWIn0seyItMiI6IkVGQ3RaVjJrR29OIn0seyItMyI6InJ1b0tqUGxIN0dVIn1d&c=935c81a2&v=3&
Anna Ralphs leggy teen rides throbbing cock,,,,https://www.lobstertube.com/out/?l=3AASCc4VvH/Aq2xmb3VENXFSRVRGAtlOaHR0cHM6Ly9hbmFsZGluLnh4eC92aWRlb3MvNjgyODkwL2FubmEtcmFscGhzLWxlZ2d5LXRlZW4tcmlkZXMtdGhyb2JiaW5nLWNvY2svzQJJonRjAc0Gv6thbHRfcG9wdWxhcjjZMHsiYWxsIjoiIiwib3JpZW50YXRpb24iOiJzdHJhaWdodCIsInByaWNpbmciOiIifc16pc5o2rbbqHBvcm5zdGFyzILA2XxbeyIxIjoiMkx0MlB5Q0V3UmIifSx7IjIiOiJrQWJZZmhUQ1FMQyJ9LHsiMyI6InNtbmFMWGZjTVlCIn0seyItMSI6Iml3d3VQeE1jQnlTIn0seyItMiI6IlhZVmgyS1RhNnlWIn0seyItMyI6IkVGQ3RaVjJrR29OIn1d&c=9fa64c7b&v=3&
Anna L - Gynecology Photography,,,,https://www.lobstertube.com/out/?l=3AASCc4aEHEyqzJMdDJQeUNFd1JiAtlOaHR0cHM6Ly92aWQtaXAuY29tL3ZpZGVvLzIwMjg4NTUvYW5uYS1sLWd5bmVjb2xvZ3ktcGhvdG9ncmFwaHkvP2NhbXBhaWduPTEwMTQ2zQNGonRjAc0HwqthbHRfcG9wdWxhcjnZMHsiYWxsIjoiIiwib3JpZW50YXRpb24iOiJzdHJhaWdodCIsInByaWNpbmciOiIifc16pc5o2rbbqHBvcm5zdGFyzILA2XxbeyIxIjoia0FiWWZoVENRTEMifSx7IjIiOiJzbW5hTFhmY01ZQiJ9LHsiMyI6IlRkVUVBb29xMEJPIn0seyItMSI6Imxmb3VENXFSRVRGIn0seyItMiI6Iml3d3VQeE1jQnlTIn0seyItMyI6IlhZVmgyS1RhNnlWIn1d&c=51ca4027&v=3&
The Best Blowjob Ever - Anna L,,,,https://www.lobstertube.com/out/?l=3AASCc4YLtOhq2tBYllmaFRDUUxDAtlNaHR0cHM6Ly92aWRlb294eHguY29tL3ZpZGVvcy8zMTc0MjUvdGhlLWJlc3QtYmxvd2pvYi1ldmVyLWFubmEtbC8/cHJvbW89NDcyNznNBNOidGMBzQlXq2FsdF9wb3B1bGFyOtkweyJhbGwiOiIiLCJvcmllbnRhdGlvbiI6InN0cmFpZ2h0IiwicHJpY2luZyI6IiJ9zXqlzmjattuocG9ybnN0YXLMgsDZfFt7IjEiOiJzbW5hTFhmY01ZQiJ9LHsiMiI6IlRkVUVBb29xMEJPIn0seyIzIjoiNzlNSEJPdUpxR0kifSx7Ii0xIjoiMkx0MlB5Q0V3UmIifSx7Ii0yIjoibGZvdUQ1cVJFVEYifSx7Ii0zIjoiaXd3dVB4TWNCeVMifV0%3D&c=39ec3f5c&v=3&
Anna Ralphs - Petting Her Pussy,,,,https://www.lobstertube.com/out/?l=3AASCc4b9ef3q3NtbmFMWGZjTVlCAtlLaHR0cHM6Ly9rZXB4eS5jb20vdmlkZW9zLzEzMDQ4MS9hbm5hLXJhbHBocy1wZXR0aW5nLWhlci1wdXNzeS8/cHViaWQ9MTAzMzU4zQa0onRjAc0LTKthbHRfcG9wdWxhcjvZMHsiYWxsIjoiIiwib3JpZW50YXRpb24iOiJzdHJhaWdodCIsInByaWNpbmciOiIifc16pc5o2rbbqHBvcm5zdGFyzILA2XxbeyIxIjoiVGRVRUFvb3EwQk8ifSx7IjIiOiI3OU1IQk91SnFHSSJ9LHsiMyI6IkNFbGRCVklGY2N3In0seyItMSI6ImtBYllmaFRDUUxDIn0seyItMiI6IjJMdDJQeUNFd1JiIn0seyItMyI6Imxmb3VENXFSRVRGIn1d&c=1d63ff41&v=3&
Anna Ralphs Gets A Creampie,,,,https://www.lobstertube.com/out/?l=3AASCc4cAKuaq1RkVUVBb29xMEJPArlodHRwczovL2plcHZpZC5jb20vdi9nN1ZjzQGDonRjAc0DNKthbHRfcG9wdWxhcjzZMHsiYWxsIjoiIiwib3JpZW50YXRpb24iOiJzdHJhaWdodCIsInByaWNpbmciOiIifc16pc5o2rbbqHBvcm5zdGFyzILA2XxbeyIxIjoiNzlNSEJPdUpxR0kifSx7IjIiOiJDRWxkQlZJRmNjdyJ9LHsiMyI6IkJzMWttblpLSUgzIn0seyItMSI6InNtbmFMWGZjTVlCIn0seyItMiI6ImtBYllmaFRDUUxDIn0seyItMyI6IjJMdDJQeUNFd1JiIn1d&c=abc0ec51&v=3&
Sexy brunette with nice ass Anna Ralphs fucks hot on cam,,,,https://www.lobstertube.com/out/?l=3AASCc4atN7dqzc5TUhCT3VKcUdJAtlpaHR0cHM6Ly93d3cuc2V4b2NlYW4ubmV0L2dhbC8xMDU0MTg5L1NleHlfYnJ1bmV0dGVfd2l0aF9uaWNlX2Fzc19Bbm5hX1JhbHBoc19mdWNrc19ob3Rfb25fY2FtLz9yZWZ0YWc9cF9tzQaaonRjAc0LMqthbHRfcG9wdWxhcj3ZMHsiYWxsIjoiIiwib3JpZW50YXRpb24iOiJzdHJhaWdodCIsInByaWNpbmciOiIifc16pc5o2rbbqHBvcm5zdGFyzILA2XxbeyIxIjoiQ0VsZEJWSUZjY3cifSx7IjIiOiJCczFrbW5aS0lIMyJ9LHsiMyI6ImJseFdpQ0VPMXhsIn0seyItMSI6IlRkVUVBb29xMEJPIn0seyItMiI6InNtbmFMWGZjTVlCIn0seyItMyI6ImtBYllmaFRDUUxDIn1d&c=ca387fdb&v=3&
Raunchy Anna Ralphs filthy adult video,,,,https://www.lobstertube.com/out/?l=3AASCc4aauKnq0NFbGRCVklGY2N3AtlJaHR0cHM6Ly94b3ppbGxhLnh4eC92aWRlb3MvNzU4MjI2L3JhdW5jaHktYW5uYS1yYWxwaHMtZmlsdGh5LWFkdWx0LXZpZGVvL80CSKJ0YwHNBsCrYWx0X3BvcHVsYXI%2B2TB7ImFsbCI6IiIsIm9yaWVudGF0aW9uIjoic3RyYWlnaHQiLCJwcmljaW5nIjoiIn3NeqXOaNq226hwb3Juc3RhcsyCwNl8W3siMSI6IkJzMWttblpLSUgzIn0seyIyIjoiYmx4V2lDRU8xeGwifSx7IjMiOiJSaHYzNmhRWFFuTSJ9LHsiLTEiOiI3OU1IQk91SnFHSSJ9LHsiLTIiOiJUZFVFQW9vcTBCTyJ9LHsiLTMiOiJzbW5hTFhmY01ZQiJ9XQ%3D%3D&c=623f4fdd&v=3&
Anna Ralphs [Hegre.com] [2023] First Female Erotic Massage.mp4,,,,https://www.lobstertube.com/out/?l=3AASCc4ZWEQ1q0JzMWttblpLSUgzAtmQaHR0cHM6Ly93d3cucHhvaHViLmNvbS92aWRlb3MvMjcyNDA0NC9hbm5hLXJhbHBocy1oZWdyZS1jb20tMjAyMy1maXJzdC1mZW1hbGUtZXJvdGljLW1hc3NhZ2UtbXA0Lz91dG1fc291cmNlPWF3biZ1dG1fbWVkaXVtPXRncCZ1dG1fY2FtcGFpZ249Y3BjzQGQonRjATSrYWx0X3BvcHVsYXI/2TB7ImFsbCI6IiIsIm9yaWVudGF0aW9uIjoic3RyYWlnaHQiLCJwcmljaW5nIjoiIn3NeqXOaNq226hwb3Juc3RhcsyCwNl8W3siMSI6ImJseFdpQ0VPMXhsIn0seyIyIjoiUmh2MzZoUVhRbk0ifSx7IjMiOiJzcWdaSXBMazlldyJ9LHsiLTEiOiJDRWxkQlZJRmNjdyJ9LHsiLTIiOiI3OU1IQk91SnFHSSJ9LHsiLTMiOiJUZFVFQW9vcTBCTyJ9XQ%3D%3D&c=576087a5&v=3&
OnlyFans - Anna Ralphs - Fucked And Facial,,,,https://www.lobstertube.com/out/?l=3AASCc4azlgGq2JseFdpQ0VPMXhsArlodHRwczovL2gyMXZpZC5jb20vdi9oaWs0zQGEonRjAc0DNathbHRfcG9wdWxhckDZMHsiYWxsIjoiIiwib3JpZW50YXRpb24iOiJzdHJhaWdodCIsInByaWNpbmciOiIifc16pc5o2rbbqHBvcm5zdGFyzILA2XxbeyIxIjoiUmh2MzZoUVhRbk0ifSx7IjIiOiJzcWdaSXBMazlldyJ9LHsiMyI6IlVOVkpFWUhibWh5In0seyItMSI6IkJzMWttblpLSUgzIn0seyItMiI6IkNFbGRCVklGY2N3In0seyItMyI6Ijc5TUhCT3VKcUdJIn1d&c=0eb70dbc&v=3&
Anna Ralphs - Christmas Blowjob,,,,https://www.lobstertube.com/out/?l=3AASCc4YiLFRq1JodjM2aFFYUW5NArlodHRwczovL3ZwdHZpZC5jb20vdi9CN04xzQHDonRjAc0DEqthbHRfcG9wdWxhckHZMHsiYWxsIjoiIiwib3JpZW50YXRpb24iOiJzdHJhaWdodCIsInByaWNpbmciOiIifc16pc5o2rbbqHBvcm5zdGFyzILA2XxbeyIxIjoic3FnWklwTGs5ZXcifSx7IjIiOiJVTlZKRVlIYm1oeSJ9LHsiMyI6IkdVNmFIUlQ2VHNSIn0seyItMSI6ImJseFdpQ0VPMXhsIn0seyItMiI6IkJzMWttblpLSUgzIn0seyItMyI6IkNFbGRCVklGY2N3In1d&c=be4fdcaf&v=3&
Anna Ralphs Great,,,,https://www.lobstertube.com/out/?l=3AASCc4VrbCvq3NxZ1pJcExrOWV3AtlCaHR0cHM6Ly92aWQtaXAuY29tL3ZpZGVvLzE4NTk2NDMvYW5uYS1yYWxwaHMtZ3JlYXQvP2NhbXBhaWduPTEwMTQ2zQNGonRjAc0HwqthbHRfcG9wdWxhckLZMHsiYWxsIjoiIiwib3JpZW50YXRpb24iOiJzdHJhaWdodCIsInByaWNpbmciOiIifc16pc5o2rbbqHBvcm5zdGFyzILA2XxbeyIxIjoiVU5WSkVZSGJtaHkifSx7IjIiOiJHVTZhSFJUNlRzUiJ9LHsiMyI6Imk1THNkS2JOSDFsIn0seyItMSI6IlJodjM2aFFYUW5NIn0seyItMiI6ImJseFdpQ0VPMXhsIn0seyItMyI6IkJzMWttblpLSUgzIn1d&c=ff33ef34&v=3&
Anna Ralphs Black Dress Strip Deepthroat Cumshot Video Ss,,,,https://www.lobstertube.com/out/?l=3AASCc4b07xzq1VOVkpFWUhibWh5AtmOaHR0cHM6Ly93d3cuZXBvcm5lci5jb20vdmlkZW8tTFlTSERZUmtacW8vYW5uYS1yYWxwaHMtYmxhY2stZHJlc3Mtc3RyaXAtZGVlcHRocm9hdC1jdW1zaG90LXZpZGVvLXNzLz90cng9MTIyNzczNTI5MGFlZTY5NGI4MTQ3M2EyNTZiZWExMjQyMDcxMs0Be6J0YwE7q2FsdF9wb3B1bGFyQ9kweyJhbGwiOiIiLCJvcmllbnRhdGlvbiI6InN0cmFpZ2h0IiwicHJpY2luZyI6IiJ9zXqlzmjattuocG9ybnN0YXLMgsDZfFt7IjEiOiJHVTZhSFJUNlRzUiJ9LHsiMiI6Imk1THNkS2JOSDFsIn0seyIzIjoiU2dxb0ZyVXZkdngifSx7Ii0xIjoic3FnWklwTGs5ZXcifSx7Ii0yIjoiUmh2MzZoUVhRbk0ifSx7Ii0zIjoiYmx4V2lDRU8xeGwifV0%3D&c=22721c8f&v=3&
Anna L Sex On The Beach,,,,https://www.lobstertube.com/out/?l=3AASCc4XXxImq0dVNmFIUlQ2VHNSAtlMaHR0cHM6Ly92aWRlb21hbnlzZXguY29tL3ZpZGVvLzMxMTEyNjMvYW5uYS1sLXNleC1vbi10aGUtYmVhY2gzLz9wcm9tbz00NzI3Oc0DnqJ0YwHNCBurYWx0X3BvcHVsYXJE2TB7ImFsbCI6IiIsIm9yaWVudGF0aW9uIjoic3RyYWlnaHQiLCJwcmljaW5nIjoiIn3NeqXOaNq226hwb3Juc3RhcsyCwNl8W3siMSI6Imk1THNkS2JOSDFsIn0seyIyIjoiU2dxb0ZyVXZkdngifSx7IjMiOiJMdldjdHBIQUhKZyJ9LHsiLTEiOiJVTlZKRVlIYm1oeSJ9LHsiLTIiOiJzcWdaSXBMazlldyJ9LHsiLTMiOiJSaHYzNmhRWFFuTSJ9XQ%3D%3D&c=c95b7374&v=3&
"Anna l, honey bath in hd",,,,https://www.lobstertube.com/out/?l=3AASCc4cHsqtq2k1THNkS2JOSDFsAtlmaHR0cHM6Ly93d3cudGl0c3R2eC5jb20vdmlkZW8vNzAyODkzMS9hbm5hLWwtaG9uZXktYmF0aC1pbi1oZD91dG1fc291cmNlPXBid2VibWVkaWEmdXRtX2NhbXBhaWduPXNlcDI1zQbYonRjAc0LcKthbHRfcG9wdWxhckXZMHsiYWxsIjoiIiwib3JpZW50YXRpb24iOiJzdHJhaWdodCIsInByaWNpbmciOiIifc16pc5o2rbbqHBvcm5zdGFyzILA2XxbeyIxIjoiU2dxb0ZyVXZkdngifSx7IjIiOiJMdldjdHBIQUhKZyJ9LHsiMyI6Iklhek0yemZzcmdwIn0seyItMSI6IkdVNmFIUlQ2VHNSIn0seyItMiI6IlVOVkpFWUhibWh5In0seyItMyI6InNxZ1pJcExrOWV3In1d&c=1b9c5a81&v=3&
Anna Ralphs ( Fucked On The Beach)1080p hjtv,,,,https://www.lobstertube.com/out/?l=3AASCc4cQmPdq1NncW9GclV2ZHZ4Atl/aHR0cHM6Ly93d3cuZXBvcm5lci5jb20vdmlkZW8tQnBMTGF0cllHR0gvYW5uYS1yYWxwaHMtZnVja2VkLW9uLXRoZS1iZWFjaC0xMDgwcC1oanR2Lz90cng9MTIyNzczNTI5MGFlZTY5NGI4MTQ3M2EyNTZiZWExMjQyMDcxMs0Be6J0YwE7q2FsdF9wb3B1bGFyRtkweyJhbGwiOiIiLCJvcmllbnRhdGlvbiI6InN0cmFpZ2h0IiwicHJpY2luZyI6IiJ9zXqlzmjattuocG9ybnN0YXLMgsDZfFt7IjEiOiJMdldjdHBIQUhKZyJ9LHsiMiI6Iklhek0yemZzcmdwIn0seyIzIjoiU2k5UmY1NzdoWVoifSx7Ii0xIjoiaTVMc2RLYk5IMWwifSx7Ii0yIjoiR1U2YUhSVDZUc1IifSx7Ii0zIjoiVU5WSkVZSGJtaHkifV0%3D&c=d44b29df&v=3&
"Wet Temple Sex Anna L, Danny",,,,https://www.lobstertube.com/out/?l=3AASCc4W4kTgq0x2V2N0cEhBSEpnAtlMaHR0cHM6Ly92aWRlb294eHguY29tL3ZpZGVvcy8yNjcyMzcvd2V0LXRlbXBsZS1zZXgtYW5uYS1sLWRhbm55Lz9wcm9tbz00NzI3Oc0E06J0YwHNCVerYWx0X3BvcHVsYXJH2TB7ImFsbCI6IiIsIm9yaWVudGF0aW9uIjoic3RyYWlnaHQiLCJwcmljaW5nIjoiIn3NeqXOaNq226hwb3Juc3RhcsyCwNl8W3siMSI6Iklhek0yemZzcmdwIn0seyIyIjoiU2k5UmY1NzdoWVoifSx7IjMiOiJxYVVGdFBxdVg1eSJ9LHsiLTEiOiJTZ3FvRnJVdmR2eCJ9LHsiLTIiOiJpNUxzZEtiTkgxbCJ9LHsiLTMiOiJHVTZhSFJUNlRzUiJ9XQ%3D%3D&c=49920ec0&v=3&
OnlyFans Anna Ralphs Kitchen Blowjob,,,,https://www.lobstertube.com/out/?l=3AASCc4ZzLKIq0lhek0yemZzcmdwArlodHRwczovL3BycHZpZC5jb20vdi9qZ1AwzQGAonRjAczfq2FsdF9wb3B1bGFySNkweyJhbGwiOiIiLCJvcmllbnRhdGlvbiI6InN0cmFpZ2h0IiwicHJpY2luZyI6IiJ9zXqlzmjattuocG9ybnN0YXLMgsDZfFt7IjEiOiJTaTlSZjU3N2hZWiJ9LHsiMiI6InFhVUZ0UHF1WDV5In0seyIzIjoibm01WHJWU3FuWGsifSx7Ii0xIjoiTHZXY3RwSEFISmcifSx7Ii0yIjoiU2dxb0ZyVXZkdngifSx7Ii0zIjoiaTVMc2RLYk5IMWwifV0%3D&c=a94ac3c2&v=3&
Happy Ending - Anna Ralphs,,,,https://www.lobstertube.com/out/?l=3AASCc4b9Ipgq1NpOVJmNTc3aFlaAtlGaHR0cHM6Ly9rZXB4eS5jb20vdmlkZW9zLzEyNzc3OC9oYXBweS1lbmRpbmctYW5uYS1yYWxwaHMvP3B1YmlkPTEwMzM1OM0GtKJ0YwHNC0yrYWx0X3BvcHVsYXJJ2TB7ImFsbCI6IiIsIm9yaWVudGF0aW9uIjoic3RyYWlnaHQiLCJwcmljaW5nIjoiIn3NeqXOaNq226hwb3Juc3RhcsyCwNl8W3siMSI6InFhVUZ0UHF1WDV5In0seyIyIjoibm01WHJWU3FuWGsifSx7IjMiOiIxVlk3WHBQeWZvRCJ9LHsiLTEiOiJJYXpNMnpmc3JncCJ9LHsiLTIiOiJMdldjdHBIQUhKZyJ9LHsiLTMiOiJTZ3FvRnJVdmR2eCJ9XQ%3D%3D&c=ab0990e2&v=3&
Anna Ralphs OnlyFans porn leak!,,,,https://www.lobstertube.com/out/?l=3AASCc4b1OqOq3FhVUZ0UHF1WDV5AtlTaHR0cHM6Ly93d3cuanVzdHBvcm4uY29tL3ZpZGVvLzI5NjkvYW5uYS1yYWxwaHMtb25seWZhbnMtcG9ybi1sZWFrLz9zcmM9dHViZXRyYWZmaWPNBrmidGMBzQtRq2FsdF9wb3B1bGFyStkweyJhbGwiOiIiLCJvcmllbnRhdGlvbiI6InN0cmFpZ2h0IiwicHJpY2luZyI6IiJ9zXqlzmjattuocG9ybnN0YXLMgsDZfFt7IjEiOiJubTVYclZTcW5YayJ9LHsiMiI6IjFWWTdYcFB5Zm9EIn0seyIzIjoiMDhJT3FzN3J0d1EifSx7Ii0xIjoiU2k5UmY1NzdoWVoifSx7Ii0yIjoiSWF6TTJ6ZnNyZ3AifSx7Ii0zIjoiTHZXY3RwSEFISmcifV0%3D&c=c753baa7&v=3&
Sensitive Sensual Massage - Anna L,,,,https://www.lobstertube.com/out/?l=3AASCc4ZxnJbq25tNVhyVlNxblhrAtlRaHR0cHM6Ly92aWRlb294eHguY29tL3ZpZGVvcy8zOTgxNjkvc2Vuc2l0aXZlLXNlbnN1YWwtbWFzc2FnZS1hbm5hLWwvP3Byb21vPTQ3Mjc5zQTTonRjAc0JV6thbHRfcG9wdWxhckvZMHsiYWxsIjoiIiwib3JpZW50YXRpb24iOiJzdHJhaWdodCIsInByaWNpbmciOiIifc16pc5o2rbbqHBvcm5zdGFyzILA2XxbeyIxIjoiMVZZN1hwUHlmb0QifSx7IjIiOiIwOElPcXM3cnR3USJ9LHsiMyI6IkpUR0pBenN3ZVd4In0seyItMSI6InFhVUZ0UHF1WDV5In0seyItMiI6IlNpOVJmNTc3aFlaIn0seyItMyI6Iklhek0yemZzcmdwIn1d&c=1b8b103d&v=3&
Anna Ralphs gives her husband a blowjob because she can't do anything else.,,,,https://www.lobstertube.com/out/?l=3AASCc4X0sPSqzFWWTdYcFB5Zm9EAtl1aHR0cHM6Ly93d3cuaXRzLnBvcm4vdmlkZW8vYW5uYS1yYWxwaHMtZ2l2ZXMtaGVyLWh1c2JhbmQtYS1ibG93am9iLWJlY2F1c2Utc2hlLWNhbi10LWRvLWFueXRoaW5nLWVsc2UvP3V0bV9zb3VyY2U9cGJ3zQNSonRjAc0HzqthbHRfcG9wdWxhckzZMHsiYWxsIjoiIiwib3JpZW50YXRpb24iOiJzdHJhaWdodCIsInByaWNpbmciOiIifc16pc5o2rbbqHBvcm5zdGFyzILA2XxbeyIxIjoiMDhJT3FzN3J0d1EifSx7IjIiOiJKVEdKQXpzd2VXeCJ9LHsiMyI6IkM3NFpCRXVnd1Y5In0seyItMSI6Im5tNVhyVlNxblhrIn0seyItMiI6InFhVUZ0UHF1WDV5In0seyItMyI6IlNpOVJmNTc3aFlaIn1d&c=7e041efa&v=3&
Anna Ralphs Great Facial,,,,https://www.lobstertube.com/out/?l=3AASCc4VQbi8qzA4SU9xczdydHdRArlodHRwczovL2RydHZpZC5jb20vdi9MSHFYzQGRonRjATWrYWx0X3BvcHVsYXJN2TB7ImFsbCI6IiIsIm9yaWVudGF0aW9uIjoic3RyYWlnaHQiLCJwcmljaW5nIjoiIn3NeqXOaNq226hwb3Juc3RhcsyCwNl8W3siMSI6IkpUR0pBenN3ZVd4In0seyIyIjoiQzc0WkJFdWd3VjkifSx7IjMiOiJUUjNOeE5yeHd5eiJ9LHsiLTEiOiIxVlk3WHBQeWZvRCJ9LHsiLTIiOiJubTVYclZTcW5YayJ9LHsiLTMiOiJxYVVGdFBxdVg1eSJ9XQ%3D%3D&c=c792ceb1&v=3&
Libertine bitch heart-stopping porn movie,,,,https://www.lobstertube.com/out/?l=3AASCc4XA8b/q0pUR0pBenN3ZVd4AtlMaHR0cHM6Ly9hbmFsZGluLnh4eC92aWRlb3MvNzE0OTc2L2xpYmVydGluZS1iaXRjaC1oZWFydC1zdG9wcGluZy1wb3JuLW1vdmllL80CSaJ0YwHNBr%2BrYWx0X3BvcHVsYXJO2TB7ImFsbCI6IiIsIm9yaWVudGF0aW9uIjoic3RyYWlnaHQiLCJwcmljaW5nIjoiIn3NeqXOaNq226hwb3Juc3RhcsyCwNl8W3siMSI6IkM3NFpCRXVnd1Y5In0seyIyIjoiVFIzTnhOcnh3eXoifSx7IjMiOiJVTGp6WlBReVNaeCJ9LHsiLTEiOiIwOElPcXM3cnR3USJ9LHsiLTIiOiIxVlk3WHBQeWZvRCJ9LHsiLTMiOiJubTVYclZTcW5YayJ9XQ%3D%3D&c=c353b729&v=3&
Anna Ralphs Deepthroat Homemade sex,,,,https://www.lobstertube.com/out/?l=3AASCc4Z2eejq0M3NFpCRXVnd1Y5AtlGaHR0cHM6Ly94b3ppbGxhLnh4eC92aWRlb3MvNzMxNzkyL2FubmEtcmFscGhzLWRlZXB0aHJvYXQtaG9tZW1hZGUtc2V4L80CSKJ0YwHNBsCrYWx0X3BvcHVsYXJP2TB7ImFsbCI6IiIsIm9yaWVudGF0aW9uIjoic3RyYWlnaHQiLCJwcmljaW5nIjoiIn3NeqXOaNq226hwb3Juc3RhcsyCwNl8W3siMSI6IlRSM054TnJ4d3l6In0seyIyIjoiVUxqelpQUXlTWngifSx7IjMiOiJLZ0d6b2ZSRkpTRyJ9LHsiLTEiOiJKVEdKQXpzd2VXeCJ9LHsiLTIiOiIwOElPcXM3cnR3USJ9LHsiLTMiOiIxVlk3WHBQeWZvRCJ9XQ%3D%3D&c=20eb7979&v=3&
The Best Blowjob Ever - Anna L,,,,https://www.lobstertube.com/out/?l=3AASCc4cIhwQq1RSM054TnJ4d3l6AtlLaHR0cHM6Ly9mdXB4eS5jb20vdmlkZW9zLzEwMjA0MzcvdGhlLWJlc3QtYmxvd2pvYi1ldmVyLWFubmEtbC8/cHViaWQ9MTAzMzU4zQYOonRjAc0KnqthbHRfcG9wdWxhclDZMHsiYWxsIjoiIiwib3JpZW50YXRpb24iOiJzdHJhaWdodCIsInByaWNpbmciOiIifc16pc5o2rbbqHBvcm5zdGFyzILA2XxbeyIxIjoiVUxqelpQUXlTWngifSx7IjIiOiJLZ0d6b2ZSRkpTRyJ9LHsiMyI6InEyNmpsUThRd2pjIn0seyItMSI6IkM3NFpCRXVnd1Y5In0seyItMiI6IkpUR0pBenN3ZVd4In0seyItMyI6IjA4SU9xczdydHdRIn1d&c=516faf41&v=3&
Anna Ralphs And Brunette Babe - Cumshot Compilation,,,,https://www.lobstertube.com/out/?l=3AASCc4cLQByq1VManpaUFF5U1p4AtlfaHR0cHM6Ly9rZXB4eS5jb20vdmlkZW9zLzE1NDgyOS9hbm5hLXJhbHBocy1hbmQtYnJ1bmV0dGUtYmFiZS1jdW1zaG90LWNvbXBpbGF0aW9uLz9wdWJpZD0xMDMzNTjNBrSidGMBzQtMq2FsdF9wb3B1bGFyUdkweyJhbGwiOiIiLCJvcmllbnRhdGlvbiI6InN0cmFpZ2h0IiwicHJpY2luZyI6IiJ9zXqlzmjattuocG9ybnN0YXLMgsDZfFt7IjEiOiJLZ0d6b2ZSRkpTRyJ9LHsiMiI6InEyNmpsUThRd2pjIn0seyIzIjoieHlVVm1TTjdrVjUifSx7Ii0xIjoiVFIzTnhOcnh3eXoifSx7Ii0yIjoiQzc0WkJFdWd3VjkifSx7Ii0zIjoiSlRHSkF6c3dlV3gifV0%3D&c=51b50308&v=3&
Skinny Unforgettable Porn Story With Anna Ralphs,,,,https://www.lobstertube.com/out/?l=3AASCc4b033kq0tnR3pvZlJGSlNHAtlfaHR0cHM6Ly9mdXB4eS5jb20vdmlkZW9zLzE2MTk1OTkvc2tpbm55LXVuZm9yZ2V0dGFibGUtcG9ybi1zdG9yeS13aXRoLWFubmEtcmFscGhzLz9wdWJpZD0xMDMzNTjNBg6idGMBzQqeq2FsdF9wb3B1bGFyUtkweyJhbGwiOiIiLCJvcmllbnRhdGlvbiI6InN0cmFpZ2h0IiwicHJpY2luZyI6IiJ9zXqlzmjattuocG9ybnN0YXLMgsDZfFt7IjEiOiJxMjZqbFE4UXdqYyJ9LHsiMiI6Inh5VVZtU043a1Y1In0seyIzIjoiTUJTa1FpRTRZVTgifSx7Ii0xIjoiVUxqelpQUXlTWngifSx7Ii0yIjoiVFIzTnhOcnh3eXoifSx7Ii0zIjoiQzc0WkJFdWd3VjkifV0%3D&c=f03c41ca&v=3&
Anna L Self Love,,,,https://www.lobstertube.com/out/?l=3AASCc4XZjAIq3EyNmpsUThRd2pjAtlFaHR0cHM6Ly92aWRlb21hbnlzZXguY29tL3ZpZGVvLzMxMTEzMzcvYW5uYS1sLXNlbGYtbG92ZTIvP3Byb21vPTQ3Mjc5zQOeonRjAc0IG6thbHRfcG9wdWxhclPZMHsiYWxsIjoiIiwib3JpZW50YXRpb24iOiJzdHJhaWdodCIsInByaWNpbmciOiIifc16pc5o2rbbqHBvcm5zdGFyzILA2XxbeyIxIjoieHlVVm1TTjdrVjUifSx7IjIiOiJNQlNrUWlFNFlVOCJ9LHsiMyI6IjNZb3VRZmtwTTVFIn0seyItMSI6IktnR3pvZlJGSlNHIn0seyItMiI6IlVManpaUFF5U1p4In0seyItMyI6IlRSM054TnJ4d3l6In1d&c=fc66c2e3&v=3&
"Wild West Cowgirl )1080p Fksf With Megan Coxxx, Anna Wild And Anna Ralphs",,,,https://www.lobstertube.com/out/?l=3AASCc4cOrTTq3h5VVZtU043a1Y1Atl1aHR0cHM6Ly9rZXB4eS5jb20vdmlkZW9zLzE1NTQzMy93aWxkLXdlc3QtY293Z2lybC0xMDgwcC1ma3NmLXdpdGgtbWVnYW4tY294eHgtYW5uYS13aWxkLWFuZC1hbm5hLXJhbHBocy8/cHViaWQ9MTAzMzU4zQa0onRjAc0LTKthbHRfcG9wdWxhclTZMHsiYWxsIjoiIiwib3JpZW50YXRpb24iOiJzdHJhaWdodCIsInByaWNpbmciOiIifc16pc5o2rbbqHBvcm5zdGFyzILA2XxbeyIxIjoiTUJTa1FpRTRZVTgifSx7IjIiOiIzWW91UWZrcE01RSJ9LHsiMyI6IjNrcWUwdWRVMVNzIn0seyItMSI6InEyNmpsUThRd2pjIn0seyItMiI6IktnR3pvZlJGSlNHIn0seyItMyI6IlVManpaUFF5U1p4In1d&c=03a2f528&v=3&
Gorgeous cutie deepthroat crazy video,,,,https://www.lobstertube.com/out/?l=3AASCc4aOmhGq01CU2tRaUU0WVU4AtlIaHR0cHM6Ly9hbmFsZGluLnh4eC92aWRlb3MvNzYyNzE3L2dvcmdlb3VzLWN1dGllLWRlZXB0aHJvYXQtY3JhenktdmlkZW8vzQJJonRjAc0Gv6thbHRfcG9wdWxhclXZMHsiYWxsIjoiIiwib3JpZW50YXRpb24iOiJzdHJhaWdodCIsInByaWNpbmciOiIifc16pc5o2rbbqHBvcm5zdGFyzILA2XxbeyIxIjoiM1lvdVFma3BNNUUifSx7IjIiOiIza3FlMHVkVTFTcyJ9LHsiMyI6IjQ1Q3piWFpoYmFDIn0seyItMSI6Inh5VVZtU043a1Y1In0seyItMiI6InEyNmpsUThRd2pjIn0seyItMyI6IktnR3pvZlJGSlNHIn1d&c=85fa3b32&v=3&
Anna Ralphs - OnlyFans - Bg New Years Eve,,,,https://www.lobstertube.com/out/?l=3AASCc4VTjyfqzNZb3VRZmtwTTVFArlodHRwczovL3ZwdHZpZC5jb20vdi96T3VGzQHDonRjAc0DEqthbHRfcG9wdWxhclbZMHsiYWxsIjoiIiwib3JpZW50YXRpb24iOiJzdHJhaWdodCIsInByaWNpbmciOiIifc16pc5o2rbbqHBvcm5zdGFyzILA2XxbeyIxIjoiM2txZTB1ZFUxU3MifSx7IjIiOiI0NUN6YlhaaGJhQyJ9LHsiMyI6Ikl2RWp1bXE5bjJuIn0seyItMSI6Ik1CU2tRaUU0WVU4In0seyItMiI6Inh5VVZtU043a1Y1In0seyItMyI6InEyNmpsUThRd2pjIn1d&c=9b050b68&v=3&
Anna L - Gynecology Photography,,,,https://www.lobstertube.com/out/?l=3AASCc4ZcYfiqzNrcWUwdWRVMVNzAtlOaHR0cHM6Ly92aWRlb294eHguY29tL3ZpZGVvcy8zNjQyMDcvYW5uYS1sLWd5bmVjb2xvZ3ktcGhvdG9ncmFwaHkvP3Byb21vPTQ3Mjc5zQTTonRjAc0JV6thbHRfcG9wdWxhclfZMHsiYWxsIjoiIiwib3JpZW50YXRpb24iOiJzdHJhaWdodCIsInByaWNpbmciOiIifc16pc5o2rbbqHBvcm5zdGFyzILA2XxbeyIxIjoiNDVDemJYWmhiYUMifSx7IjIiOiJJdkVqdW1xOW4ybiJ9LHsiMyI6ImU1WmVEbktkYUF4In0seyItMSI6IjNZb3VRZmtwTTVFIn0seyItMiI6Ik1CU2tRaUU0WVU4In0seyItMyI6Inh5VVZtU043a1Y1In1d&c=fe750ff0&v=3&
Anna L Sun Sand Sea And Sex,,,,https://www.lobstertube.com/out/?l=3AASCc4XWD0wqzQ1Q3piWFpoYmFDAtlQaHR0cHM6Ly92aWRlb21hbnlzZXguY29tL3ZpZGVvLzMxMTE0MTEvYW5uYS1sLXN1bi1zYW5kLXNlYS1hbmQtc2V4Mi8/cHJvbW89NDcyNznNA56idGMBzQgbq2FsdF9wb3B1bGFyWNkweyJhbGwiOiIiLCJvcmllbnRhdGlvbiI6InN0cmFpZ2h0IiwicHJpY2luZyI6IiJ9zXqlzmjattuocG9ybnN0YXLMgsDZfFt7IjEiOiJJdkVqdW1xOW4ybiJ9LHsiMiI6ImU1WmVEbktkYUF4In0seyIzIjoiYm5aVXRvc3kxSVEifSx7Ii0xIjoiM2txZTB1ZFUxU3MifSx7Ii0yIjoiM1lvdVFma3BNNUUifSx7Ii0zIjoiTUJTa1FpRTRZVTgifV0%3D&c=1d550f07&v=3&
Anna Ralphs - OnlyFans - Sex Wothxxx,,,,https://www.lobstertube.com/out/?l=3AASCc4VRjHcq0l2RWp1bXE5bjJuArlodHRwczovL3Z2dHZpZC5jb20vdi9nS3l3zQGConRjAc0DM6thbHRfcG9wdWxhclnZMHsiYWxsIjoiIiwib3JpZW50YXRpb24iOiJzdHJhaWdodCIsInByaWNpbmciOiIifc16pc5o2rbbqHBvcm5zdGFyzILA2XxbeyIxIjoiZTVaZURuS2RhQXgifSx7IjIiOiJiblpVdG9zeTFJUSJ9LHsiMyI6IkhaRmlmSVFoS0d6In0seyItMSI6IjQ1Q3piWFpoYmFDIn0seyItMiI6IjNrcWUwdWRVMVNzIn0seyItMyI6IjNZb3VRZmtwTTVFIn1d&c=0fbe383c&v=3&
"Amateur, anna ralphs aka anna l great facial",,,,https://www.lobstertube.com/out/?l=3AASCc4cBnDiq2U1WmVEbktkYUF4Atl9aHR0cHM6Ly93d3cuYW1hdGV1cnR2eC5jb20vdmlkZW8vNjczOTcyMy9hbWF0ZXVyLWFubmEtcmFscGhzLWFrYS1hbm5hLWwtZ3JlYXQtZmFjaWFsP3V0bV9zb3VyY2U9cGJ3ZWJtZWRpYSZ1dG1fY2FtcGFpZ249c2VwMjXNBs2idGMBzQtlq2FsdF9wb3B1bGFyWtkweyJhbGwiOiIiLCJvcmllbnRhdGlvbiI6InN0cmFpZ2h0IiwicHJpY2luZyI6IiJ9zXqlzmjattuocG9ybnN0YXLMgsDZfFt7IjEiOiJiblpVdG9zeTFJUSJ9LHsiMiI6IkhaRmlmSVFoS0d6In0seyIzIjoiWGNkYUZKOG0xMWYifSx7Ii0xIjoiSXZFanVtcTluMm4ifSx7Ii0yIjoiNDVDemJYWmhiYUMifSx7Ii0zIjoiM2txZTB1ZFUxU3MifV0%3D&c=00849915&v=3&
Anna Ralphs Great Facial,,,,https://www.lobstertube.com/out/?l=3AASCc4VMsBWq2JuWlV0b3N5MUlRArlodHRwczovL3BycHZpZC5jb20vdi9oR0JZzQGAonRjAczfq2FsdF9wb3B1bGFyW9kweyJhbGwiOiIiLCJvcmllbnRhdGlvbiI6InN0cmFpZ2h0IiwicHJpY2luZyI6IiJ9zXqlzmjattuocG9ybnN0YXLMgsDZfFt7IjEiOiJIWkZpZklRaEtHeiJ9LHsiMiI6IlhjZGFGSjhtMTFmIn0seyIzIjoiT2lkS2w3eTRJaTEifSx7Ii0xIjoiZTVaZURuS2RhQXgifSx7Ii0yIjoiSXZFanVtcTluMm4ifSx7Ii0zIjoiNDVDemJYWmhiYUMifV0%3D&c=afbc79df&v=3&
OnlyFans - Anna Ralphs,,,,https://www.lobstertube.com/out/?l=3AASCc4ZuWlnq0haRmlmSVFoS0d6ArlodHRwczovL3Z2dHZpZC5jb20vdi9pYlVHzQGConRjAc0DM6thbHRfcG9wdWxhclzZMHsiYWxsIjoiIiwib3JpZW50YXRpb24iOiJzdHJhaWdodCIsInByaWNpbmciOiIifc16pc5o2rbbqHBvcm5zdGFyzILA2XxbeyIxIjoiWGNkYUZKOG0xMWYifSx7IjIiOiJPaWRLbDd5NElpMSJ9LHsiMyI6IkR5ODgxT0dVclBkIn0seyItMSI6ImJuWlV0b3N5MUlRIn0seyItMiI6ImU1WmVEbktkYUF4In0seyItMyI6Ikl2RWp1bXE5bjJuIn1d&c=8ac26306&v=3&
Anna Ralphs Socking On Car,,,,https://www.lobstertube.com/out/?l=3AASCc4cGmPhq1hjZGFGSjhtMTFmAtlwaHR0cHM6Ly93d3cucHhvaHViLmNvbS92aWRlb3MvMjc5NTQzMy9hbm5hLXJhbHBocy1zb2NraW5nLW9uLWNhci8/dXRtX3NvdXJjZT1hd24mdXRtX21lZGl1bT10Z3AmdXRtX2NhbXBhaWduPWNwY80BkKJ0YwE0q2FsdF9wb3B1bGFyXdkweyJhbGwiOiIiLCJvcmllbnRhdGlvbiI6InN0cmFpZ2h0IiwicHJpY2luZyI6IiJ9zXqlzmjattuocG9ybnN0YXLMgsDZfFt7IjEiOiJPaWRLbDd5NElpMSJ9LHsiMiI6IkR5ODgxT0dVclBkIn0seyIzIjoiTmJ4ckNhNk9BS0QifSx7Ii0xIjoiSFpGaWZJUWhLR3oifSx7Ii0yIjoiYm5aVXRvc3kxSVEifSx7Ii0zIjoiZTVaZURuS2RhQXgifV0%3D&c=a8208eee&v=3&
Anna L - Gynecology Photography,,,,https://www.lobstertube.com/out/?l=3AASCc4ZQ62Bq09pZEtsN3k0SWkxAtlRaHR0cHM6Ly92aWRlb21hbnlzZXguY29tL3ZpZGVvLzMyMTY0MjUvYW5uYS1sLWd5bmVjb2xvZ3ktcGhvdG9ncmFwaHkvP3Byb21vPTQ3Mjc5zQOeonRjAc0IG6thbHRfcG9wdWxhcl7ZMHsiYWxsIjoiIiwib3JpZW50YXRpb24iOiJzdHJhaWdodCIsInByaWNpbmciOiIifc16pc5o2rbbqHBvcm5zdGFyzILA2XxbeyIxIjoiRHk4ODFPR1VyUGQifSx7IjIiOiJOYnhyQ2E2T0FLRCJ9LHsiMyI6ImdEWXpXOTVWVHZUIn0seyItMSI6IlhjZGFGSjhtMTFmIn0seyItMiI6IkhaRmlmSVFoS0d6In0seyItMyI6ImJuWlV0b3N5MUlRIn1d&c=264c9b2f&v=3&
Anna Ralphs sloppy deepthroat porn,,,,https://www.lobstertube.com/out/?l=3AASCc4Z8zdAq0R5ODgxT0dVclBkAtlFaHR0cHM6Ly94b3ppbGxhLnh4eC92aWRlb3MvNzMzMTMyL2FubmEtcmFscGhzLXNsb3BweS1kZWVwdGhyb2F0LXBvcm4vzQJIonRjAc0GwKthbHRfcG9wdWxhcl/ZMHsiYWxsIjoiIiwib3JpZW50YXRpb24iOiJzdHJhaWdodCIsInByaWNpbmciOiIifc16pc5o2rbbqHBvcm5zdGFyzILA2XxbeyIxIjoiTmJ4ckNhNk9BS0QifSx7IjIiOiJnRFl6Vzk1VlR2VCJ9LHsiMyI6IlFDVlVVdE5xZkxXIn0seyItMSI6Ik9pZEtsN3k0SWkxIn0seyItMiI6IlhjZGFGSjhtMTFmIn0seyItMyI6IkhaRmlmSVFoS0d6In1d&c=1e4a8dad&v=3&
"Hegre, anna l and danny face fucking",,,,https://www.lobstertube.com/out/?l=3AASCc4Zykrnq05ieHJDYTZPQUtEAtlxaHR0cHM6Ly93d3cuc2V4dHZ4LmNvbS92aWRlby82OTEyODExL2hlZ3JlLWFubmEtbC1hbmQtZGFubnktZmFjZS1mdWNraW5nP3V0bV9zb3VyY2U9cGJ3ZWJtZWRpYSZ1dG1fY2FtcGFpZ249c2VwMjXNBmaidGMBzQr8q2FsdF9wb3B1bGFyYNkweyJhbGwiOiIiLCJvcmllbnRhdGlvbiI6InN0cmFpZ2h0IiwicHJpY2luZyI6IiJ9zXqlzmjattuocG9ybnN0YXLMgsDZfFt7IjEiOiJnRFl6Vzk1VlR2VCJ9LHsiMiI6IlFDVlVVdE5xZkxXIn0seyIzIjoiSWxWdHZRMnhud2gifSx7Ii0xIjoiRHk4ODFPR1VyUGQifSx7Ii0yIjoiT2lkS2w3eTRJaTEifSx7Ii0zIjoiWGNkYUZKOG0xMWYifV0%3D&c=5960c96e&v=3&
Anna Ralphs hot erotic solo,,,,https://www.lobstertube.com/out/?l=3AASCc4WheLlq2dEWXpXOTVWVHZUAtk%2BaHR0cHM6Ly9hbmFsZGluLnh4eC92aWRlb3MvNjgyODg2L2FubmEtcmFscGhzLWhvdC1lcm90aWMtc29sby/NAkmidGMBzQa/q2FsdF9wb3B1bGFyYdkweyJhbGwiOiIiLCJvcmllbnRhdGlvbiI6InN0cmFpZ2h0IiwicHJpY2luZyI6IiJ9zXqlzmjattuocG9ybnN0YXLMgsDZfFt7IjEiOiJRQ1ZVVXROcWZMVyJ9LHsiMiI6IklsVnR2UTJ4bndoIn0seyIzIjoiUVRCak9BanZQRloifSx7Ii0xIjoiTmJ4ckNhNk9BS0QifSx7Ii0yIjoiRHk4ODFPR1VyUGQifSx7Ii0zIjoiT2lkS2w3eTRJaTEifV0%3D&c=42a7785c&v=3&
Anna Ralphs - Sex On The Beach,,,,https://www.lobstertube.com/out/?l=3AASCc4cAP2Dq1FDVlVVdE5xZkxXAtlNaHR0cHM6Ly92aWQtaXAuY29tL3ZpZGVvLzIxMTgyOTUvYW5uYS1yYWxwaHMtc2V4LW9uLXRoZS1iZWFjaC8/Y2FtcGFpZ249MTAxNDbNA0aidGMBzQfCq2FsdF9wb3B1bGFyYtkweyJhbGwiOiIiLCJvcmllbnRhdGlvbiI6InN0cmFpZ2h0IiwicHJpY2luZyI6IiJ9zXqlzmjattuocG9ybnN0YXLMgsDZfFt7IjEiOiJJbFZ0dlEyeG53aCJ9LHsiMiI6IlFUQmpPQWp2UEZaIn0seyIzIjoiZTJYSU5raDVtSUkifSx7Ii0xIjoiZ0RZelc5NVZUdlQifSx7Ii0yIjoiTmJ4ckNhNk9BS0QifSx7Ii0zIjoiRHk4ODFPR1VyUGQifV0%3D&c=b7bb0829&v=3&
Photo Session With Anna L,,,,https://www.lobstertube.com/out/?l=3AASCc4WHYRnq0lsVnR2UTJ4bndoAtlQaHR0cHM6Ly9hYnh4eC50dWJlL3ZpZGVvLzQyNDI1Ny9waG90by1zZXNzaW9uLXdpdGgtYW5uYS1sLz9jYW1wYWlnbl9pZD01MjAzNzk3NznNBO6idGMBzQlyq2FsdF9wb3B1bGFyY9kweyJhbGwiOiIiLCJvcmllbnRhdGlvbiI6InN0cmFpZ2h0IiwicHJpY2luZyI6IiJ9zXqlzmjattuocG9ybnN0YXLMgsDZfFt7IjEiOiJRVEJqT0FqdlBGWiJ9LHsiMiI6ImUyWElOa2g1bUlJIn0seyIzIjoiUTBCUno4Q1BzMXAifSx7Ii0xIjoiUUNWVVV0TnFmTFcifSx7Ii0yIjoiZ0RZelc5NVZUdlQifSx7Ii0zIjoiTmJ4ckNhNk9BS0QifV0%3D&c=5cb2c3aa&v=3&
[OF] Anna Ralphs - Couch Creampie PPV Qd19 - Public,,,,https://www.lobstertube.com/out/?l=3AASCc4b2M70q1FUQmpPQWp2UEZaAtlQaHR0cHM6Ly94b3ppbGxhLnh4eC92aWRlb3MvNzMzMDcyL29mLWFubmEtcmFscGhzLWNvdWNoLWNyZWFtcGllLXBwdi1xZDE5LXB1YmxpYy/NAkiidGMBzQbAq2FsdF9wb3B1bGFyZNkweyJhbGwiOiIiLCJvcmllbnRhdGlvbiI6InN0cmFpZ2h0IiwicHJpY2luZyI6IiJ9zXqlzmjattuocG9ybnN0YXLMgsDZfFt7IjEiOiJlMlhJTmtoNW1JSSJ9LHsiMiI6IlEwQlJ6OENQczFwIn0seyIzIjoiQXpnYU5oeTZCMmgifSx7Ii0xIjoiSWxWdHZRMnhud2gifSx7Ii0yIjoiUUNWVVV0TnFmTFcifSx7Ii0zIjoiZ0RZelc5NVZUdlQifV0%3D&c=a6b0de2d&v=3&
Lustful nymph deepthroat breathtaking video,,,,https://www.lobstertube.com/out/?l=3AASCc4ZxKN5q2UyWElOa2g1bUlJAtlOaHR0cHM6Ly9hbmFsZGluLnh4eC92aWRlb3MvNzYyMDU0L2x1c3RmdWwtbnltcGgtZGVlcHRocm9hdC1icmVhdGh0YWtpbmctdmlkZW8vzQJJonRjAc0Gv6thbHRfcG9wdWxhcmXZMHsiYWxsIjoiIiwib3JpZW50YXRpb24iOiJzdHJhaWdodCIsInByaWNpbmciOiIifc16pc5o2rbbqHBvcm5zdGFyzILA2XxbeyIxIjoiUTBCUno4Q1BzMXAifSx7IjIiOiJBemdhTmh5NkIyaCJ9LHsiMyI6IjRXa3B4Z0NVc0swIn0seyItMSI6IlFUQmpPQWp2UEZaIn0seyItMiI6IklsVnR2UTJ4bndoIn0seyItMyI6IlFDVlVVdE5xZkxXIn1d&c=90102ea6&v=3&
Horny minx rough face fuck porn smutty clip,,,,https://www.lobstertube.com/out/?l=3AASCc4ZUgSvq1EwQlJ6OENQczFwAtlMaHR0cHM6Ly94aGFuZC5uZXQvdmlkZW9zLzE0NzI1My9ob3JueS1taW54LXJvdWdoLWZhY2UtZnVjay1wb3JuLXNtdXR0eS1jbGlwL80DIaJ0YwHNB5urYWx0X3BvcHVsYXJm2TB7ImFsbCI6IiIsIm9yaWVudGF0aW9uIjoic3RyYWlnaHQiLCJwcmljaW5nIjoiIn3NeqXOaNq226hwb3Juc3RhcsyCwNl8W3siMSI6IkF6Z2FOaHk2QjJoIn0seyIyIjoiNFdrcHhnQ1VzSzAifSx7IjMiOiJCTmQ4dm1MQ2dRZSJ9LHsiLTEiOiJlMlhJTmtoNW1JSSJ9LHsiLTIiOiJRVEJqT0FqdlBGWiJ9LHsiLTMiOiJJbFZ0dlEyeG53aCJ9XQ%3D%3D&c=82d29ae8&v=3&
Libidinous teen Anna Ralphs xxx video,,,,https://www.lobstertube.com/out/?l=3AASCc4XA96pq0F6Z2FOaHk2QjJoAtlGaHR0cHM6Ly94aGFuZC5uZXQvdmlkZW9zLzExNDgxMS9saWJpZGlub3VzLXRlZW4tYW5uYS1yYWxwaHMteHh4LXZpZGVvL80DIaJ0YwHNB5urYWx0X3BvcHVsYXJn2TB7ImFsbCI6IiIsIm9yaWVudGF0aW9uIjoic3RyYWlnaHQiLCJwcmljaW5nIjoiIn3NeqXOaNq226hwb3Juc3RhcsyCwNl8W3siMSI6IjRXa3B4Z0NVc0swIn0seyIyIjoiQk5kOHZtTENnUWUifSx7IjMiOiI2bks3NU1HRzBZVyJ9LHsiLTEiOiJRMEJSejhDUHMxcCJ9LHsiLTIiOiJlMlhJTmtoNW1JSSJ9LHsiLTMiOiJRVEJqT0FqdlBGWiJ9XQ%3D%3D&c=73f1338e&v=3&
anna ralphs -  mini vlog sex on the rocks,,,,https://www.lobstertube.com/out/?l=3AASCc4Ztg%2BgqzRXa3B4Z0NVc0swAtmKaHR0cHM6Ly9wb3Jub25lLmNvbS9yaWRpbmcvYW5uYS1yYWxwaHMtbWluaS12bG9nLXNleC1vbi10aGUtcm9ja3MvMjc5NjY5MzY1Lz91dG1fc291cmNlPWFmZmlsaWF0ZSZ1dG1fbWVkaXVtPWdhbGxlcnkmdXRtX2NhbXBhaWduPXR1YmVnYWxzzQLFonRjAc0HPKthbHRfcG9wdWxhcmjZMHsiYWxsIjoiIiwib3JpZW50YXRpb24iOiJzdHJhaWdodCIsInByaWNpbmciOiIifc16pc5o2rbbqHBvcm5zdGFyzILA2XxbeyIxIjoiQk5kOHZtTENnUWUifSx7IjIiOiI2bks3NU1HRzBZVyJ9LHsiMyI6IldXSVM5Y1RDbmZMIn0seyItMSI6IkF6Z2FOaHk2QjJoIn0seyItMiI6IlEwQlJ6OENQczFwIn0seyItMyI6ImUyWElOa2g1bUlJIn1d&c=f2afb7ea&v=3&
Russian Shy Girl Sucks And Fucks Doggy Style In Pussy - Anna Ralphs,,,,https://www.lobstertube.com/out/?l=3AASCc4Wwntdq0JOZDh2bUxDZ1FlAtl4aHR0cHM6Ly9hYnh4eC50dWJlL3ZpZGVvLzEyNzY5Ny9ydXNzaWFuLXNoeS1naXJsLXN1Y2tzLWFuZC1mdWNrcy1kb2dneS1zdHlsZS1pbi1wdXNzeS1hbm5hLXJhbHBocy8/Y2FtcGFpZ25faWQ9NTIwMzc5Nzc5zQTuonRjAc0JcqthbHRfcG9wdWxhcmnZMHsiYWxsIjoiIiwib3JpZW50YXRpb24iOiJzdHJhaWdodCIsInByaWNpbmciOiIifc16pc5o2rbbqHBvcm5zdGFyzILA2XxbeyIxIjoiNm5LNzVNR0cwWVcifSx7IjIiOiJXV0lTOWNUQ25mTCJ9LHsiMyI6IkRmd2pDQVRvRmN2In0seyItMSI6IjRXa3B4Z0NVc0swIn0seyItMiI6IkF6Z2FOaHk2QjJoIn0seyItMyI6IlEwQlJ6OENQczFwIn1d&c=81af5cd3&v=3&
Anna Ralphs - Sex On The Beach,,,,https://www.lobstertube.com/out/?l=3AASCc4azBDxqzZuSzc1TUdHMFlXAtlNaHR0cHM6Ly92aWRlb294eHguY29tL3ZpZGVvcy80NTY2MzkvYW5uYS1yYWxwaHMtc2V4LW9uLXRoZS1iZWFjaC8/cHJvbW89NDcyNznNBNOidGMBzQlXq2FsdF9wb3B1bGFyatkweyJhbGwiOiIiLCJvcmllbnRhdGlvbiI6InN0cmFpZ2h0IiwicHJpY2luZyI6IiJ9zXqlzmjattuocG9ybnN0YXLMgsDZfFt7IjEiOiJXV0lTOWNUQ25mTCJ9LHsiMiI6IkRmd2pDQVRvRmN2In0seyIzIjoiMUtpMGZDWERBU2wifSx7Ii0xIjoiQk5kOHZtTENnUWUifSx7Ii0yIjoiNFdrcHhnQ1VzSzAifSx7Ii0zIjoiQXpnYU5oeTZCMmgifV0%3D&c=2f6cf8cb&v=3&
Wonderful bimbo porn breathtaking scene,,,,https://www.lobstertube.com/out/?l=3AASCc4aCvMiq1dXSVM5Y1RDbmZMAtlIaHR0cHM6Ly94aGFuZC5uZXQvdmlkZW9zLzE0NjU2Ny93b25kZXJmdWwtYmltYm8tcG9ybi1icmVhdGh0YWtpbmctc2NlbmUvzQMhonRjAc0Hm6thbHRfcG9wdWxhcmvZMHsiYWxsIjoiIiwib3JpZW50YXRpb24iOiJzdHJhaWdodCIsInByaWNpbmciOiIifc16pc5o2rbbqHBvcm5zdGFyzILA2XxbeyIxIjoiRGZ3akNBVG9GY3YifSx7IjIiOiIxS2kwZkNYREFTbCJ9LHsiMyI6ImV5QmU4SnJ3Ulc4In0seyItMSI6IjZuSzc1TUdHMFlXIn0seyItMiI6IkJOZDh2bUxDZ1FlIn0seyItMyI6IjRXa3B4Z0NVc0swIn1d&c=7a475f03&v=3&
Anna ralphs montre ses seins et sa chatte parfaite,,,,https://www.lobstertube.com/out/?l=3AASCc4ZFFlgq0Rmd2pDQVRvRmN2AtlpaHR0cHM6Ly9jcmF6eXBvcm4ueHh4L3ZpZGVvcy83NjQ1NjYvYW5uYS1yYWxwaHMtbW9udHJlLXNlcy1zZWlucy1ldC1zYS8/dXRtX3NvdXJjZT1wYncmdXRtX2NhbXBhaWduPXBsdWdzzQL8onRjAc0HdqthbHRfcG9wdWxhcmzZMHsiYWxsIjoiIiwib3JpZW50YXRpb24iOiJzdHJhaWdodCIsInByaWNpbmciOiIifc16pc5o2rbbqHBvcm5zdGFyzILA2XxbeyIxIjoiMUtpMGZDWERBU2wifSx7IjIiOiJleUJlOEpyd1JXOCJ9LHsiMyI6ImFXZVZ0TVpQVll2In0seyItMSI6IldXSVM5Y1RDbmZMIn0seyItMiI6IjZuSzc1TUdHMFlXIn0seyItMyI6IkJOZDh2bUxDZ1FlIn1d&c=da6b9368&v=3&
Anna L - Sensitive Sensual Massage,,,,https://www.lobstertube.com/out/?l=3AASCc4aOKSjqzFLaTBmQ1hEQVNsAtlUaHR0cHM6Ly92aWRlb21hbnlzZXguY29tL3ZpZGVvLzMyNTYwNjMvYW5uYS1sLXNlbnNpdGl2ZS1zZW5zdWFsLW1hc3NhZ2UvP3Byb21vPTQ3Mjc5zQOeonRjAc0IG6thbHRfcG9wdWxhcm3ZMHsiYWxsIjoiIiwib3JpZW50YXRpb24iOiJzdHJhaWdodCIsInByaWNpbmciOiIifc16pc5o2rbbqHBvcm5zdGFyzILA2XxbeyIxIjoiZXlCZThKcndSVzgifSx7IjIiOiJhV2VWdE1aUFZZdiJ9LHsiMyI6Im85OG1vSDVoNVlQIn0seyItMSI6IkRmd2pDQVRvRmN2In0seyItMiI6IldXSVM5Y1RDbmZMIn0seyItMyI6IjZuSzc1TUdHMFlXIn1d&c=99271a66&v=3&
"Hegre, anna l, photo session",,,,https://www.lobstertube.com/out/?l=3AASCc4ZynpMq2V5QmU4SnJ3Ulc4AtloaHR0cHM6Ly93d3cuc2V4dHZ4LmNvbS92aWRlby82ODIwNTUyL2hlZ3JlLWFubmEtbC1waG90by1zZXNzaW9uP3V0bV9zb3VyY2U9cGJ3ZWJtZWRpYSZ1dG1fY2FtcGFpZ249c2VwMjXNBmaidGMBzQr8q2FsdF9wb3B1bGFybtkweyJhbGwiOiIiLCJvcmllbnRhdGlvbiI6InN0cmFpZ2h0IiwicHJpY2luZyI6IiJ9zXqlzmjattuocG9ybnN0YXLMgsDZfFt7IjEiOiJhV2VWdE1aUFZZdiJ9LHsiMiI6Im85OG1vSDVoNVlQIn0seyIzIjoiMzhoSmkxUlk0NWYifSx7Ii0xIjoiMUtpMGZDWERBU2wifSx7Ii0yIjoiRGZ3akNBVG9GY3YifSx7Ii0zIjoiV1dJUzljVENuZkwifV0%3D&c=a3c220bf&v=3&
"Sex Session Anna L, Danny",,,,https://www.lobstertube.com/out/?l=3AASCc4XEFzNq2FXZVZ0TVpQVll2AtlMaHR0cHM6Ly92aWRlb21hbnlzZXguY29tL3ZpZGVvLzMwODY3MDkvc2V4LXNlc3Npb24tYW5uYS1sLWRhbm55Lz9wcm9tbz00NzI3Oc0DnqJ0YwHNCBurYWx0X3BvcHVsYXJv2TB7ImFsbCI6IiIsIm9yaWVudGF0aW9uIjoic3RyYWlnaHQiLCJwcmljaW5nIjoiIn3NeqXOaNq226hwb3Juc3RhcsyCwNl8W3siMSI6Im85OG1vSDVoNVlQIn0seyIyIjoiMzhoSmkxUlk0NWYifSx7IjMiOiJYNWdXc2RkT0tDaSJ9LHsiLTEiOiJleUJlOEpyd1JXOCJ9LHsiLTIiOiIxS2kwZkNYREFTbCJ9LHsiLTMiOiJEZndqQ0FUb0ZjdiJ9XQ%3D%3D&c=78938e2f&v=3&
Pipe a la montagne avec le modele en ligne anna ralphs,,,,https://www.lobstertube.com/out/?l=3AASCc4abQkcq285OG1vSDVoNVlQAtlraHR0cHM6Ly9jcmF6eXBvcm4ueHh4L3ZpZGVvcy84MjYyODAvcGlwZS1hLWxhLW1vbnRhZ25lLWF2ZWMtbGUtbW9kZWxlLWVuLz91dG1fc291cmNlPXBidyZ1dG1fY2FtcGFpZ249cGx1Z3PNAvyidGMBzQd2q2FsdF9wb3B1bGFycNkweyJhbGwiOiIiLCJvcmllbnRhdGlvbiI6InN0cmFpZ2h0IiwicHJpY2luZyI6IiJ9zXqlzmjattuocG9ybnN0YXLMgsDZfFt7IjEiOiIzOGhKaTFSWTQ1ZiJ9LHsiMiI6Ilg1Z1dzZGRPS0NpIn0seyIzIjoiZTRpYXNEVHBPeWwifSx7Ii0xIjoiYVdlVnRNWlBWWXYifSx7Ii0yIjoiZXlCZThKcndSVzgifSx7Ii0zIjoiMUtpMGZDWERBU2wifV0%3D&c=e432df5c&v=3&
Sensitive Sensual Massage - Anna L,,,,https://www.lobstertube.com/out/?l=3AASCc4ayQprqzM4aEppMVJZNDVmAtlPaHR0cHM6Ly9mdXB4eS5jb20vdmlkZW9zLzEyNTMyNTMvc2Vuc2l0aXZlLXNlbnN1YWwtbWFzc2FnZS1hbm5hLWwvP3B1YmlkPTEwMzM1OM0GDqJ0YwHNCp6rYWx0X3BvcHVsYXJx2TB7ImFsbCI6IiIsIm9yaWVudGF0aW9uIjoic3RyYWlnaHQiLCJwcmljaW5nIjoiIn3NeqXOaNq226hwb3Juc3RhcsyCwNl8W3siMSI6Ilg1Z1dzZGRPS0NpIn0seyIyIjoiZTRpYXNEVHBPeWwifSx7IjMiOiJ1TTd6WnhSeVRjMSJ9LHsiLTEiOiJvOThtb0g1aDVZUCJ9LHsiLTIiOiJhV2VWdE1aUFZZdiJ9LHsiLTMiOiJleUJlOEpyd1JXOCJ9XQ%3D%3D&c=c541d1a3&v=3&
Anna L - Treatment Of Female Hysteria 2,,,,https://www.lobstertube.com/out/?l=3AASCc4WsAJrq1g1Z1dzZGRPS0NpAtlZaHR0cHM6Ly92aWRlb21hbnlzZXguY29tL3ZpZGVvLzI4MjI0ODkvYW5uYS1sLXRyZWF0bWVudC1vZi1mZW1hbGUtaHlzdGVyaWEtMi8/cHJvbW89NDcyNznNA56idGMBzQgbq2FsdF9wb3B1bGFyctkweyJhbGwiOiIiLCJvcmllbnRhdGlvbiI6InN0cmFpZ2h0IiwicHJpY2luZyI6IiJ9zXqlzmjattuocG9ybnN0YXLMgsDZfFt7IjEiOiJlNGlhc0RUcE95bCJ9LHsiMiI6InVNN3paeFJ5VGMxIn0seyIzIjoiM0dleFRiTEFwRXcifSx7Ii0xIjoiMzhoSmkxUlk0NWYifSx7Ii0yIjoibzk4bW9INWg1WVAifSx7Ii0zIjoiYVdlVnRNWlBWWXYifV0%3D&c=3718c43d&v=3&
Anna Ralphs sucks hard dick,,,,https://www.lobstertube.com/out/?l=3AASCc4ZwTjFq2U0aWFzRFRwT3lsAtk%2BaHR0cHM6Ly94b3ppbGxhLnh4eC92aWRlb3MvNzMxNzQzL2FubmEtcmFscGhzLXN1Y2tzLWhhcmQtZGljay/NAkiidGMBzQbAq2FsdF9wb3B1bGFyc9kweyJhbGwiOiIiLCJvcmllbnRhdGlvbiI6InN0cmFpZ2h0IiwicHJpY2luZyI6IiJ9zXqlzmjattuocG9ybnN0YXLMgsDZfFt7IjEiOiJ1TTd6WnhSeVRjMSJ9LHsiMiI6IjNHZXhUYkxBcEV3In0seyIzIjoiRlVIY0luR05mNEUifSx7Ii0xIjoiWDVnV3NkZE9LQ2kifSx7Ii0yIjoiMzhoSmkxUlk0NWYifSx7Ii0zIjoibzk4bW9INWg1WVAifV0%3D&c=6c133b30&v=3&
Anna L - Sensitive Sensual Massage,,,,https://www.lobstertube.com/out/?l=3AASCc4aNJPWq3VNN3paeFJ5VGMxAtlRaHR0cHM6Ly92aWRlb294eHguY29tL3ZpZGVvcy80MDYzNTkvYW5uYS1sLXNlbnNpdGl2ZS1zZW5zdWFsLW1hc3NhZ2UvP3Byb21vPTQ3Mjc5zQTTonRjAc0JV6thbHRfcG9wdWxhcnTZMHsiYWxsIjoiIiwib3JpZW50YXRpb24iOiJzdHJhaWdodCIsInByaWNpbmciOiIifc16pc5o2rbbqHBvcm5zdGFyzILA2XxbeyIxIjoiM0dleFRiTEFwRXcifSx7IjIiOiJGVUhjSW5HTmY0RSJ9LHsiMyI6InQ4SU9NR0cxZEJBIn0seyItMSI6ImU0aWFzRFRwT3lsIn0seyItMiI6Ilg1Z1dzZGRPS0NpIn0seyItMyI6IjM4aEppMVJZNDVmIn1d&c=5fdcb38e&v=3&
Sensitive Sensual Massage - Anna L,,,,https://www.lobstertube.com/out/?l=3AASCc4ZvvuTqzNHZXhUYkxBcEV3AtlUaHR0cHM6Ly92aWRlb21hbnlzZXguY29tL3ZpZGVvLzMyNDg1MTcvc2Vuc2l0aXZlLXNlbnN1YWwtbWFzc2FnZS1hbm5hLWwvP3Byb21vPTQ3Mjc5zQOeonRjAc0IG6thbHRfcG9wdWxhcnXZMHsiYWxsIjoiIiwib3JpZW50YXRpb24iOiJzdHJhaWdodCIsInByaWNpbmciOiIifc16pc5o2rbbqHBvcm5zdGFyzILA2XxbeyIxIjoiRlVIY0luR05mNEUifSx7IjIiOiJ0OElPTUdHMWRCQSJ9LHsiMyI6IjdVbmRWczFsRmtZIn0seyItMSI6InVNN3paeFJ5VGMxIn0seyItMiI6ImU0aWFzRFRwT3lsIn0seyItMyI6Ilg1Z1dzZGRPS0NpIn1d&c=582cd481&v=3&
Anna Ralphs - Sex On The Beach,,,,https://www.lobstertube.com/out/?l=3AASCc4b57uBq0ZVSGNJbkdOZjRFAtlQaHR0cHM6Ly92aWRlb21hbnlzZXguY29tL3ZpZGVvLzMzMDY4NTEvYW5uYS1yYWxwaHMtc2V4LW9uLXRoZS1iZWFjaC8/cHJvbW89NDcyNznNA56idGMBzQgbq2FsdF9wb3B1bGFydtkweyJhbGwiOiIiLCJvcmllbnRhdGlvbiI6InN0cmFpZ2h0IiwicHJpY2luZyI6IiJ9zXqlzmjattuocG9ybnN0YXLMgsDZaFt7IjEiOiJ0OElPTUdHMWRCQSJ9LHsiMiI6IjdVbmRWczFsRmtZIn0seyItMSI6IjNHZXhUYkxBcEV3In0seyItMiI6InVNN3paeFJ5VGMxIn0seyItMyI6ImU0aWFzRFRwT3lsIn1d&c=0b8047d3&v=3&
Anna L - Sensitive Sensual Massage,,,,https://www.lobstertube.com/out/?l=3AASCc4aVRRAq3Q4SU9NR0cxZEJBAtlRaHR0cHM6Ly92aWQtaXAuY29tL3ZpZGVvLzIwNzQ4NTcvYW5uYS1sLXNlbnNpdGl2ZS1zZW5zdWFsLW1hc3NhZ2UvP2NhbXBhaWduPTEwMTQ2zQNGonRjAc0HwqthbHRfcG9wdWxhcnfZMHsiYWxsIjoiIiwib3JpZW50YXRpb24iOiJzdHJhaWdodCIsInByaWNpbmciOiIifc16pc5o2rbbqHBvcm5zdGFyzILA2VRbeyIxIjoiN1VuZFZzMWxGa1kifSx7Ii0xIjoiRlVIY0luR05mNEUifSx7Ii0yIjoiM0dleFRiTEFwRXcifSx7Ii0zIjoidU03elp4UnlUYzEifV0%3D&c=be9d0562&v=3&
Pipe a la montagne avec le modele en ligne anna ralphs,,,,https://www.lobstertube.com/out/?l=3AASCc4abW0PqzdVbmRWczFsRmtZAtlyaHR0cHM6Ly9sb3ZlNHBvcm4uY29tL3ZpZGVvcy8xMDczMjQ5L3BpcGUtYS1sYS1tb250YWduZS1hdmVjLWxlLW1vZGVsZS1lbi1saWduZS8/dXRtX3NvdXJjZT1wYncmdXRtX2NhbXBhaWduPXBsdWdzzQL1onRjAc0Hb6thbHRfcG9wdWxhcnjZMHsiYWxsIjoiIiwib3JpZW50YXRpb24iOiJzdHJhaWdodCIsInByaWNpbmciOiIifc16pc5o2rbbqHBvcm5zdGFyzILA2UBbeyItMSI6InQ4SU9NR0cxZEJBIn0seyItMiI6IkZVSGNJbkdOZjRFIn0seyItMyI6IjNHZXhUYkxBcEV3In1d&c=4dc98671&v=3&
