ImageName,URL,TAG
83842604.jpg,https://image.civitai.com/xG1nkqKTMzGDvpLrqFT7WA/c72649c1-710c-4d0f-84c0-4b57775c1148/83842604,5211
84451915.jpg,https://image.civitai.com/xG1nkqKTMzGDvpLrqFT7WA/b19f14f8-3c6d-43b9-be5d-62a0e78b5989/84451915,5211
78961979.jpg,https://image.civitai.com/xG1nkqKTMzGDvpLrqFT7WA/52cb522a-d641-45ff-8b46-aecccd4ebb66/78961979,5211
76464884.jpg,https://image.civitai.com/xG1nkqKTMzGDvpLrqFT7WA/b78e7028-cac5-4484-b4d1-7f9169644645/76464884,5211
78608271.jpg,https://image.civitai.com/xG1nkqKTMzGDvpLrqFT7WA/415e0b28-d0f6-4f05-8477-704b21893770/78608271,5211
69616211.jpg,https://image.civitai.com/xG1nkqKTMzGDvpLrqFT7WA/d44ed858-4d44-48f1-a9a4-d50bc7be6d05/69616211,5211
70603567.jpg,https://image.civitai.com/xG1nkqKTMzGDvpLrqFT7WA/076abe26-c2ba-41e2-bc3b-a3c2e9c0ee7f/70603567,5211
75385187.jpg,https://image.civitai.com/xG1nkqKTMzGDvpLrqFT7WA/be9747cb-2405-4e36-b30f-a38b5d471234/75385187,5211
16935826.jpg,https://image.civitai.com/xG1nkqKTMzGDvpLrqFT7WA/b6ecb5d8-aedd-4e96-bce1-7343ec192f88/16935826,5211
45628374.jpg,https://image.civitai.com/xG1nkqKTMzGDvpLrqFT7WA/b954e2ae-5cd7-4326-8ef4-583b0d4857c8/45628374,5211
75794319.jpg,https://image.civitai.com/xG1nkqKTMzGDvpLrqFT7WA/1beec0bd-0b9b-41a4-a88c-820b8ce5368c/75794319,5211
86109102.jpg,https://image.civitai.com/xG1nkqKTMzGDvpLrqFT7WA/2f9efe03-a2a5-435f-93cb-e48d3f10f19b/86109102,5211
86445433.jpg,https://image.civitai.com/xG1nkqKTMzGDvpLrqFT7WA/340fed6b-b11d-4512-b482-07015e6813f4/86445433,5211
74101184.jpg,https://image.civitai.com/xG1nkqKTMzGDvpLrqFT7WA/3c872ceb-943b-4093-9cbe-61acd8d3bf1f/74101184,5211
83244800.jpg,https://image.civitai.com/xG1nkqKTMzGDvpLrqFT7WA/4fded89a-3678-46a7-a9bb-2255c7189aaa/83244800,5211
89555284.jpg,https://image.civitai.com/xG1nkqKTMzGDvpLrqFT7WA/35442789-cde0-4d20-a6a7-b6837ee79192/89555284,5211
79195051.jpg,https://image.civitai.com/xG1nkqKTMzGDvpLrqFT7WA/6820e504-bc2c-4c9e-9c03-c63957dd82e3/79195051,5211
83842778.jpg,https://image.civitai.com/xG1nkqKTMzGDvpLrqFT7WA/a06a4b9e-e3b1-4f90-b1f4-0b9da3cdd91a/83842778,5211
128132.jpg,https://image.civitai.com/xG1nkqKTMzGDvpLrqFT7WA/382510be-1b3b-4af0-6644-6342fbd0b600/128132,5211
11215753.jpg,https://image.civitai.com/xG1nkqKTMzGDvpLrqFT7WA/58331116-2def-41f0-8cb2-66b5ba34e838/11215753,5211
71837013.jpg,https://image.civitai.com/xG1nkqKTMzGDvpLrqFT7WA/2fb28a77-3f95-4d22-ad9b-b65bd0c535e7/71837013,5211
83842779.jpg,https://image.civitai.com/xG1nkqKTMzGDvpLrqFT7WA/9203ee60-4dfb-480b-80fe-13fed6784fcf/83842779,5211
70167129.jpg,https://image.civitai.com/xG1nkqKTMzGDvpLrqFT7WA/1c233529-ca6e-4e32-970d-901effa42712/70167129,5211
85819297.jpg,https://image.civitai.com/xG1nkqKTMzGDvpLrqFT7WA/e3b0dc9d-5402-4d62-8d98-0a6adcf7ff4e/85819297,5211
69821542.jpg,https://image.civitai.com/xG1nkqKTMzGDvpLrqFT7WA/bb47774b-ea7b-4d32-8324-cad2bd36ae3b/69821542,5211
77805323.jpg,https://image.civitai.com/xG1nkqKTMzGDvpLrqFT7WA/67b9966c-8dfd-4260-8ea5-6134d0374b8c/77805323,5211
78128607.jpg,https://image.civitai.com/xG1nkqKTMzGDvpLrqFT7WA/7744eae9-2fd4-4f73-a302-13b39da6d4bb/78128607,5211
72632949.jpg,https://image.civitai.com/xG1nkqKTMzGDvpLrqFT7WA/180fb801-faaf-49c8-ae0c-cf1e1369e919/72632949,5211
75794317.jpg,https://image.civitai.com/xG1nkqKTMzGDvpLrqFT7WA/e91fa397-a44c-49a7-9a97-ec45256e4d47/75794317,5211
83039874.jpg,https://image.civitai.com/xG1nkqKTMzGDvpLrqFT7WA/ede80d6b-48ce-4102-9f9d-7ea2271af65a/83039874,5211
84259441.jpg,https://image.civitai.com/xG1nkqKTMzGDvpLrqFT7WA/1d4b8af4-054f-4016-a261-5ee6e42276fe/84259441,5211
60203242.jpg,https://image.civitai.com/xG1nkqKTMzGDvpLrqFT7WA/198cc0c8-46e9-414d-bfd3-f7e60d853913/60203242,5211
71250121.jpg,https://image.civitai.com/xG1nkqKTMzGDvpLrqFT7WA/97ed7dba-9863-4d90-bb32-3e5929149edb/71250121,5211
76218916.jpg,https://image.civitai.com/xG1nkqKTMzGDvpLrqFT7WA/14eccbe6-9362-4870-a74c-7cfcca2119a0/76218916,5211
82293286.jpg,https://image.civitai.com/xG1nkqKTMzGDvpLrqFT7WA/e9f7c656-cbf7-473e-9061-26a38e26b1bd/82293286,5211
69616210.jpg,https://image.civitai.com/xG1nkqKTMzGDvpLrqFT7WA/fa245d9a-3e0d-4d49-b8d9-e7d9b22ebf4e/69616210,5211
79194275.jpg,https://image.civitai.com/xG1nkqKTMzGDvpLrqFT7WA/26585007-4094-4a25-8d00-387652a85cab/79194275,5211
89548068.jpg,https://image.civitai.com/xG1nkqKTMzGDvpLrqFT7WA/5676ac13-6f19-4166-98a6-21a59350bc5c/89548068,5211
76014920.jpg,https://image.civitai.com/xG1nkqKTMzGDvpLrqFT7WA/20de7531-7d71-4053-a254-9094119d0f29/76014920,5211
79194279.jpg,https://image.civitai.com/xG1nkqKTMzGDvpLrqFT7WA/872277a4-66bb-4fdf-9627-d705441678af/79194279,5211
84033145.jpg,https://image.civitai.com/xG1nkqKTMzGDvpLrqFT7WA/ec4ea2c3-0f79-4183-9b62-0d349a1d6312/84033145,5211
86445471.jpg,https://image.civitai.com/xG1nkqKTMzGDvpLrqFT7WA/2f27d3c6-3aff-4ddd-9932-cbea9a44e5a7/86445471,5211
89231626.jpg,https://image.civitai.com/xG1nkqKTMzGDvpLrqFT7WA/0c3688ec-3b68-46a5-b069-68c16bfd4ef8/89231626,5211
75555783.jpg,https://image.civitai.com/xG1nkqKTMzGDvpLrqFT7WA/c0df78c6-ad69-4afe-8d70-2ce5dd1157f7/75555783,5211
78790527.jpg,https://image.civitai.com/xG1nkqKTMzGDvpLrqFT7WA/a8da0d9a-f28b-4292-8c92-15c27a9bda0c/78790527,5211
80168368.jpg,https://image.civitai.com/xG1nkqKTMzGDvpLrqFT7WA/bba031e6-7567-41f0-b6af-4571c35c0e34/80168368,5211
86108435.jpg,https://image.civitai.com/xG1nkqKTMzGDvpLrqFT7WA/de4e214d-ee3e-43c6-a0cd-5c3ed10e1b65/86108435,5211
1941203.jpg,https://image.civitai.com/xG1nkqKTMzGDvpLrqFT7WA/88be4370-9311-4368-b69d-037939cd81e0/1941203,5211
84033146.jpg,https://image.civitai.com/xG1nkqKTMzGDvpLrqFT7WA/25053012-a6b6-476a-8da5-5535333ce6a5/84033146,5211
84451916.jpg,https://image.civitai.com/xG1nkqKTMzGDvpLrqFT7WA/d6573c22-f843-42f7-9983-77f85d67e61c/84451916,5211
