Rating,Score,Tags,User,ImageName,URL,WeekLabel
Explicit,185,animal_ears anus cleavage hoshimi_miyabi kitsune nipples no_bra nopan pantsu pantyhose pussy skirt_lift topless torn_clothes tsukishiro_yanagi uncensored unfairr wet zenless_zone_zero,Arsy,yande.re%201213054%20animal_ears%20anus%20cleavage%20hoshimi_miyabi%20kitsune%20nipples%20no_bra%20nopan%20pantsu%20pantyhose%20pussy%20skirt_lift%20topless%20torn_clothes%20uncensored%20unfairr%20wet.png,https://files.yande.re/image/40a285f8e0409ea7ae57b77b4d0594a9/yande.re%201213054%20animal_ears%20anus%20cleavage%20hoshimi_miyabi%20kitsune%20nipples%20no_bra%20nopan%20pantsu%20pantyhose%20pussy%20skirt_lift%20topless%20torn_clothes%20uncensored%20unfairr%20wet.png,2024年12月30日 - 2025年1月5日（2025年第1周）
Explicit,217,aak ass blue_archive devil halo heterochromia horns loli naked nipples pussy ryuuge_kisaki sorasaki_hina takanashi_hoshino uncensored wings,Arsy,yande.re%201213443%20aak%20ass%20blue_archive%20devil%20halo%20heterochromia%20horns%20loli%20naked%20nipples%20pussy%20ryuuge_kisaki%20sorasaki_hina%20takanashi_hoshino%20uncensored%20wings.png,https://files.yande.re/image/aaa55349c54c9d3ee9e8b8f5f98094d3/yande.re%201213443%20aak%20ass%20blue_archive%20devil%20halo%20heterochromia%20horns%20loli%20naked%20nipples%20pussy%20ryuuge_kisaki%20sorasaki_hina%20takanashi_hoshino%20uncensored%20wings.png,2024年12月30日 - 2025年1月5日（2025年第1周）
Questionable,222,areola bondage cameltoe elf fleur_(houkisei) garter houkisei no_bra pantsu pointy_ears see_through skirt_lift thong wet,whitespace1,yande.re%201213212%20areola%20bondage%20cameltoe%20elf%20fleur_%28houkisei%29%20garter%20houkisei%20no_bra%20pantsu%20pointy_ears%20see_through%20skirt_lift%20thong%20wet.png,https://files.yande.re/image/e8a8e7f45335494fb5f247137ddba7f1/yande.re%201213212%20areola%20bondage%20cameltoe%20elf%20fleur_%28houkisei%29%20garter%20houkisei%20no_bra%20pantsu%20pointy_ears%20see_through%20skirt_lift%20thong%20wet.png,2024年12月30日 - 2025年1月5日（2025年第1周）
Explicit,177,anus blue_archive hagi_(ame_hagi) loli naked nipples pussy pussy_juice ryuuge_kisaki uncensored,Arsy,yande.re%201213021%20anus%20blue_archive%20hagi_%28ame_hagi%29%20loli%20naked%20nipples%20pussy%20pussy_juice%20ryuuge_kisaki%20uncensored.png,https://files.yande.re/image/25a17f3e3f277c725dcfdeb5811e0a26/yande.re%201213021%20anus%20blue_archive%20hagi_%28ame_hagi%29%20loli%20naked%20nipples%20pussy%20pussy_juice%20ryuuge_kisaki%20uncensored.png,2024年12月30日 - 2025年1月5日（2025年第1周）
Explicit,172,anus blue_archive bottomless breasts hagi_(ame_hagi) halo loli nipples no_bra open_shirt pussy ryuuge_kisaki uncensored,Arsy,yande.re%201213018%20anus%20blue_archive%20bottomless%20breasts%20hagi_%28ame_hagi%29%20halo%20loli%20nipples%20no_bra%20open_shirt%20pussy%20ryuuge_kisaki%20uncensored.png,https://files.yande.re/image/3e4a456d6ec4689dc3958345253172bc/yande.re%201213018%20anus%20blue_archive%20bottomless%20breasts%20hagi_%28ame_hagi%29%20halo%20loli%20nipples%20no_bra%20open_shirt%20pussy%20ryuuge_kisaki%20uncensored.png,2024年12月30日 - 2025年1月5日（2025年第1周）
Questionable,164,bra kantoku kimono loli nagisa_(kantoku) open_shirt pantsu undressing,Spidey,yande.re%201213845%20bra%20kantoku%20kimono%20loli%20nagisa_%28kantoku%29%20open_shirt%20pantsu%20undressing.png,https://files.yande.re/image/7c37c75fb1c8c185cbaa722e9e969e86/yande.re%201213845%20bra%20kantoku%20kimono%20loli%20nagisa_%28kantoku%29%20open_shirt%20pantsu%20undressing.png,2024年12月30日 - 2025年1月5日（2025年第1周）
Explicit,156,ass cum elf frieren machi_(7769) naked nipples nun pointy_ears pussy pussy_juice sousou_no_frieren uncensored wet,lacepanties,yande.re%201213374%20ass%20cum%20elf%20frieren%20machi_%287769%29%20naked%20nipples%20nun%20pointy_ears%20pussy%20pussy_juice%20sousou_no_frieren%20uncensored%20wet.png,https://files.yande.re/image/a1abfb38bcf52e4d2120ac2f81aea39c/yande.re%201213374%20ass%20cum%20elf%20frieren%20machi_%287769%29%20naked%20nipples%20nun%20pointy_ears%20pussy%20pussy_juice%20sousou_no_frieren%20uncensored%20wet.png,2024年12月30日 - 2025年1月5日（2025年第1周）
Explicit,152,breasts nipples no_bra nopan open_shirt pussy tada_no_yukiko uncensored yukata,whitespace1,yande.re%201213778%20breasts%20nipples%20no_bra%20nopan%20open_shirt%20pussy%20tada_no_yukiko%20uncensored%20yukata.png,https://files.yande.re/image/e38ca141ec7b3f55217a0f0c2dfc2b22/yande.re%201213778%20breasts%20nipples%20no_bra%20nopan%20open_shirt%20pussy%20tada_no_yukiko%20uncensored%20yukata.png,2024年12月30日 - 2025年1月5日（2025年第1周）
Questionable,151,ass christmas horns kani_biimu loli no_bra pantsu shimotsuki_potofu undressing,himeno_nanako,yande.re%201213064%20ass%20christmas%20horns%20kani_biimu%20loli%20no_bra%20pantsu%20shimotsuki_potofu%20undressing.png,https://files.yande.re/image/52700472548c5a3cbcac96320cea87bf/yande.re%201213064%20ass%20christmas%20horns%20kani_biimu%20loli%20no_bra%20pantsu%20shimotsuki_potofu%20undressing.png,2024年12月30日 - 2025年1月5日（2025年第1周）
Explicit,145,fengshen_chino gochuumon_wa_usagi_desu_ka? kafuu_chino loli naked nipples pussy uncensored wet,Lzhom,yande.re%201213316%20fengshen_chino%20gochuumon_wa_usagi_desu_ka%3F%20kafuu_chino%20loli%20naked%20nipples%20pussy%20uncensored%20wet.png,https://files.yande.re/image/0a8e9b8482acabe8d48437225d04f29f/yande.re%201213316%20fengshen_chino%20gochuumon_wa_usagi_desu_ka%3F%20kafuu_chino%20loli%20naked%20nipples%20pussy%20uncensored%20wet.png,2024年12月30日 - 2025年1月5日（2025年第1周）
Questionable,143,blue_archive halo mizikayo nipples pantsu thong topless tsukatsuki_rio wet,BattlequeenYume,yande.re%201213538%20blue_archive%20halo%20mizikayo%20nipples%20pantsu%20thong%20topless%20tsukatsuki_rio%20wet.png,https://files.yande.re/image/d6915968a0a086a585722e68f5a90a5a/yande.re%201213538%20blue_archive%20halo%20mizikayo%20nipples%20pantsu%20thong%20topless%20tsukatsuki_rio%20wet.png,2024年12月30日 - 2025年1月5日（2025年第1周）
Explicit,136,anus ass breasts genshin_impact japanese_clothes misako nipples no_bra nopan pussy shenhe skirt_lift uncensored wet,Mr_GT,yande.re%201213304%20anus%20ass%20breasts%20genshin_impact%20japanese_clothes%20misako%20nipples%20no_bra%20nopan%20pussy%20shenhe%20skirt_lift%20uncensored%20wet.png,https://files.yande.re/image/5fcea193388216259078aaf0efa32bbf/yande.re%201213304%20anus%20ass%20breasts%20genshin_impact%20japanese_clothes%20misako%20nipples%20no_bra%20nopan%20pussy%20shenhe%20skirt_lift%20uncensored%20wet.png,2024年12月30日 - 2025年1月5日（2025年第1周）
Explicit,139,dress_shirt naked_cape nipples pantsu panty_pull pussy pussy_juice tada_no_yukiko uncensored undressing,whitespace1,yande.re%201213776%20dress_shirt%20naked_cape%20nipples%20pantsu%20panty_pull%20pussy%20pussy_juice%20tada_no_yukiko%20uncensored%20undressing.png,https://files.yande.re/image/7e18d9195d99072a65183ba4c5c2463e/yande.re%201213776%20dress_shirt%20naked_cape%20nipples%20pantsu%20panty_pull%20pussy%20pussy_juice%20tada_no_yukiko%20uncensored%20undressing.png,2024年12月30日 - 2025年1月5日（2025年第1周）
Explicit,135,asou_(asabu202) ass_grab fellatio naked nipples penis sex uncensored wet yahari_ore_no_seishun_lovecome_wa_machigatteiru. yuigahama_yui yukinoshita_yukino,Spidey,yande.re%201212799%20asou_%28asabu202%29%20ass_grab%20fellatio%20naked%20nipples%20penis%20sex%20uncensored%20wet%20yuigahama_yui%20yukinoshita_yukino.png,https://files.yande.re/image/2aee39935cbe30597345d04815add881/yande.re%201212799%20asou_%28asabu202%29%20ass_grab%20fellatio%20naked%20nipples%20penis%20sex%20uncensored%20wet%20yuigahama_yui%20yukinoshita_yukino.png,2024年12月30日 - 2025年1月5日（2025年第1周）
Explicit,133,animal_ears anus cleavage hoshimi_miyabi kitsune nipples no_bra nopan pantsu pantyhose pussy skirt_lift topless torn_clothes tsukishiro_yanagi uncensored unfairr wet zenless_zone_zero,Arsy,yande.re%201213053%20animal_ears%20anus%20cleavage%20hoshimi_miyabi%20kitsune%20nipples%20no_bra%20nopan%20pantsu%20pantyhose%20pussy%20skirt_lift%20topless%20torn_clothes%20uncensored%20unfairr%20wet.png,https://files.yande.re/image/81fa476edd7561c99598e600eadf4da1/yande.re%201213053%20animal_ears%20anus%20cleavage%20hoshimi_miyabi%20kitsune%20nipples%20no_bra%20nopan%20pantsu%20pantyhose%20pussy%20skirt_lift%20topless%20torn_clothes%20uncensored%20unfairr%20wet.png,2024年12月30日 - 2025年1月5日（2025年第1周）
Explicit,130,areola blue_archive breast_grab breasts ett hayase_yuuka nipples no_bra open_shirt pajama pantsu panty_pull penis pussy pussy_juice sex uncensored,lacepanties,yande.re%201213569%20areola%20blue_archive%20breast_grab%20breasts%20ett%20hayase_yuuka%20nipples%20no_bra%20open_shirt%20pajama%20pantsu%20panty_pull%20penis%20pussy%20pussy_juice%20sex%20uncensored.png,https://files.yande.re/image/8ef84b3aefce92dbe8401688e5bb27d5/yande.re%201213569%20areola%20blue_archive%20breast_grab%20breasts%20ett%20hayase_yuuka%20nipples%20no_bra%20open_shirt%20pajama%20pantsu%20panty_pull%20penis%20pussy%20pussy_juice%20sex%20uncensored.png,2024年12月30日 - 2025年1月5日（2025年第1周）
Explicit,129,animal_ears breasts honkai:_star_rail houkisei japanese_clothes kitsune nipples no_bra nopan open_shirt penis pussy_juice sex skirt_lift tail tattoo tingyun uncensored wet,whitespace1,yande.re%201213087%20animal_ears%20breasts%20houkisei%20kitsune%20nipples%20no_bra%20nopan%20open_shirt%20penis%20pussy_juice%20sex%20skirt_lift%20tail%20tattoo%20tingyun%20uncensored%20wet.png,https://files.yande.re/image/ea1e48a90e888acea3830a38d6b2df08/yande.re%201213087%20animal_ears%20breasts%20houkisei%20kitsune%20nipples%20no_bra%20nopan%20open_shirt%20penis%20pussy_juice%20sex%20skirt_lift%20tail%20tattoo%20tingyun%20uncensored%20wet.png,2024年12月30日 - 2025年1月5日（2025年第1周）
Explicit,124,anus ass censored fate/grand_order feet leonardo_da_vinci_(fate) loli m-da_s-tarou naked nipples pussy pussy_juice wet,Arsy,yande.re%201213614%20anus%20ass%20censored%20fate_grand_order%20feet%20leonardo_da_vinci_%28fate%29%20loli%20m-da_s-tarou%20naked%20nipples%20pussy%20pussy_juice%20wet.png,https://files.yande.re/image/358ae7e758b7d894556c878242799178/yande.re%201213614%20anus%20ass%20censored%20fate_grand_order%20feet%20leonardo_da_vinci_%28fate%29%20loli%20m-da_s-tarou%20naked%20nipples%20pussy%20pussy_juice%20wet.png,2024年12月30日 - 2025年1月5日（2025年第1周）
Explicit,123,anus ass blue_archive bottomless ecilia halo justice_realization_committee_member loli pussy pussy_juice seifuku uncensored,KenB,yande.re%201213583%20anus%20ass%20blue_archive%20bottomless%20ecilia%20halo%20justice_realization_committee_member%20loli%20pussy%20pussy_juice%20seifuku%20uncensored.png,https://files.yande.re/image/ca3ed5339859e98d13cafe17964a848b/yande.re%201213583%20anus%20ass%20blue_archive%20bottomless%20ecilia%20halo%20justice_realization_committee_member%20loli%20pussy%20pussy_juice%20seifuku%20uncensored.png,2024年12月30日 - 2025年1月5日（2025年第1周）
