Prompt,ImageName,URL,TAG
Prompt 未在卡片中提供（详情页: https://civitai.com/images/104712092),d17a3165-3eef-4289-89b4-b1f081a3bb37,https://image.civitai.com/xG1nkqKTMzGDvpLrqFT7WA/d17a3165-3eef-4289-89b4-b1f081a3bb37/original=true,5211
Prompt 未在卡片中提供（详情页: https://civitai.com/images/104743443),10d5dfe0-5d27-428b-8d39-9315367b3abb,https://image.civitai.com/xG1nkqKTMzGDvpLrqFT7WA/10d5dfe0-5d27-428b-8d39-9315367b3abb/original=true,5211
Prompt 未在卡片中提供（详情页: https://civitai.com/images/104308229),ccb6239a-e347-493a-a321-1cd4b17f59c7,https://image.civitai.com/xG1nkqKTMzGDvpLrqFT7WA/ccb6239a-e347-493a-a321-1cd4b17f59c7/original=true,5211
Prompt 未在卡片中提供（详情页: https://civitai.com/images/103926892),2dc0a104-b10a-4cfb-89ab-cbd879575110,https://image.civitai.com/xG1nkqKTMzGDvpLrqFT7WA/2dc0a104-b10a-4cfb-89ab-cbd879575110/original=true,5211
Prompt 未在卡片中提供（详情页: https://civitai.com/images/104495500),8cabb7da-ccb7-4c3b-aeb8-36f7411f1df5,https://image.civitai.com/xG1nkqKTMzGDvpLrqFT7WA/8cabb7da-ccb7-4c3b-aeb8-36f7411f1df5/original=true,5211
Prompt 未在卡片中提供（详情页: https://civitai.com/images/104280351),5b45e16f-9e30-4a27-85b1-53c19cb5f71f,https://image.civitai.com/xG1nkqKTMzGDvpLrqFT7WA/5b45e16f-9e30-4a27-85b1-53c19cb5f71f/original=true,5211
Prompt 未在卡片中提供（详情页: https://civitai.com/images/104557955),bf7c54c8-2f27-448d-a4b9-b63ecdb8ec63,https://image.civitai.com/xG1nkqKTMzGDvpLrqFT7WA/bf7c54c8-2f27-448d-a4b9-b63ecdb8ec63/original=true,5211
Prompt 未在卡片中提供（详情页: https://civitai.com/images/104284795),a5eed7af-00b2-4563-b9a4-787b297924a7,https://image.civitai.com/xG1nkqKTMzGDvpLrqFT7WA/a5eed7af-00b2-4563-b9a4-787b297924a7/original=true,5211
Prompt 未在卡片中提供（详情页: https://civitai.com/images/104284778),f5a480ab-a3f1-4ecf-8e4e-7c1681910169,https://image.civitai.com/xG1nkqKTMzGDvpLrqFT7WA/f5a480ab-a3f1-4ecf-8e4e-7c1681910169/original=true,5211
Prompt 未在卡片中提供（详情页: https://civitai.com/images/104674898),7939bae8-b4e3-467d-88ae-93f87704e083,https://image.civitai.com/xG1nkqKTMzGDvpLrqFT7WA/7939bae8-b4e3-467d-88ae-93f87704e083/original=true,5211
Prompt 未在卡片中提供（详情页: https://civitai.com/images/104522845),b7ceb595-7a35-4622-bb14-6ca5d87151e9,https://image.civitai.com/xG1nkqKTMzGDvpLrqFT7WA/b7ceb595-7a35-4622-bb14-6ca5d87151e9/original=true,5211
Prompt 未在卡片中提供（详情页: https://civitai.com/images/104495502),648cba2f-47d5-4612-a33f-c75ca067a3dd,https://image.civitai.com/xG1nkqKTMzGDvpLrqFT7WA/648cba2f-47d5-4612-a33f-c75ca067a3dd/original=true,5211
Prompt 未在卡片中提供（详情页: https://civitai.com/images/104743545),9b14ac46-27b1-42a9-a312-16d4da79db2b,https://image.civitai.com/xG1nkqKTMzGDvpLrqFT7WA/9b14ac46-27b1-42a9-a312-16d4da79db2b/original=true,5211
Prompt 未在卡片中提供（详情页: https://civitai.com/images/104495499),289c9c6f-e288-4460-81b9-a21df70c9213,https://image.civitai.com/xG1nkqKTMzGDvpLrqFT7WA/289c9c6f-e288-4460-81b9-a21df70c9213/original=true,5211
Prompt 未在卡片中提供（详情页: https://civitai.com/images/104308220),243ae35d-9f5e-49a0-889b-205c3ad2321c,https://image.civitai.com/xG1nkqKTMzGDvpLrqFT7WA/243ae35d-9f5e-49a0-889b-205c3ad2321c/original=true,5211
Prompt 未在卡片中提供（详情页: https://civitai.com/images/104522847),48605513-1b87-48c2-8d32-62559071ef27,https://image.civitai.com/xG1nkqKTMzGDvpLrqFT7WA/48605513-1b87-48c2-8d32-62559071ef27/original=true,5211
Prompt 未在卡片中提供（详情页: https://civitai.com/images/104110334),f9298811-e878-42cf-a698-f64a7eda0fcc,https://image.civitai.com/xG1nkqKTMzGDvpLrqFT7WA/f9298811-e878-42cf-a698-f64a7eda0fcc/original=true,5211
Prompt 未在卡片中提供（详情页: https://civitai.com/images/104284779),1fab0e08-61c4-49dd-abf4-18fc05fe5bcb,https://image.civitai.com/xG1nkqKTMzGDvpLrqFT7WA/1fab0e08-61c4-49dd-abf4-18fc05fe5bcb/original=true,5211
Prompt 未在卡片中提供（详情页: https://civitai.com/images/104110331),9d9df599-63bb-4bd6-89cc-d0cace9fa5e6,https://image.civitai.com/xG1nkqKTMzGDvpLrqFT7WA/9d9df599-63bb-4bd6-89cc-d0cace9fa5e6/original=true,5211
Prompt 未在卡片中提供（详情页: https://civitai.com/images/104495501),2c387937-1e2c-48a0-86f8-8fce3b815672,https://image.civitai.com/xG1nkqKTMzGDvpLrqFT7WA/2c387937-1e2c-48a0-86f8-8fce3b815672/original=true,5211
Prompt 未在卡片中提供（详情页: https://civitai.com/images/104743544),52e91a77-fc7d-4e60-a229-a4bb3ee4015b,https://image.civitai.com/xG1nkqKTMzGDvpLrqFT7WA/52e91a77-fc7d-4e60-a229-a4bb3ee4015b/original=true,5211
Prompt 未在卡片中提供（详情页: https://civitai.com/images/104308231),24a7910d-6f90-4e5b-8d90-6f5bde81553a,https://image.civitai.com/xG1nkqKTMzGDvpLrqFT7WA/24a7910d-6f90-4e5b-8d90-6f5bde81553a/original=true,5211
Prompt 未在卡片中提供（详情页: https://civitai.com/images/104522844),abae9dfe-cd19-4d11-8cef-0e97e0240722,https://image.civitai.com/xG1nkqKTMzGDvpLrqFT7WA/abae9dfe-cd19-4d11-8cef-0e97e0240722/original=true,5211
Prompt 未在卡片中提供（详情页: https://civitai.com/images/104308230),414df1d3-e2c8-4250-b197-1127bee8f096,https://image.civitai.com/xG1nkqKTMzGDvpLrqFT7WA/414df1d3-e2c8-4250-b197-1127bee8f096/original=true,5211
Prompt 未在卡片中提供（详情页: https://civitai.com/images/104099375),6d0abeea-ab2a-4a80-a77f-c796931a8525,https://image.civitai.com/xG1nkqKTMzGDvpLrqFT7WA/6d0abeea-ab2a-4a80-a77f-c796931a8525/original=true,5211
Prompt 未在卡片中提供（详情页: https://civitai.com/images/104685752),73f6a339-bedc-4b31-9992-d669e22faf27,https://image.civitai.com/xG1nkqKTMzGDvpLrqFT7WA/73f6a339-bedc-4b31-9992-d669e22faf27/original=true,5211
Prompt 未在卡片中提供（详情页: https://civitai.com/images/104132307),cadbe8f1-0e71-41e6-b1c0-b5bb273099e2,https://image.civitai.com/xG1nkqKTMzGDvpLrqFT7WA/cadbe8f1-0e71-41e6-b1c0-b5bb273099e2/original=true,5211
Prompt 未在卡片中提供（详情页: https://civitai.com/images/104743543),b8f80b17-62cc-400d-b940-0619e157d33e,https://image.civitai.com/xG1nkqKTMzGDvpLrqFT7WA/b8f80b17-62cc-400d-b940-0619e157d33e/original=true,5211
Prompt 未在卡片中提供（详情页: https://civitai.com/images/104284771),a9932358-a869-4982-963e-f2c241f2d4b0,https://image.civitai.com/xG1nkqKTMzGDvpLrqFT7WA/a9932358-a869-4982-963e-f2c241f2d4b0/original=true,5211
Prompt 未在卡片中提供（详情页: https://civitai.com/images/104674900),9653815c-fc7c-4f48-b48e-40901396f809,https://image.civitai.com/xG1nkqKTMzGDvpLrqFT7WA/9653815c-fc7c-4f48-b48e-40901396f809/original=true,5211
Prompt 未在卡片中提供（详情页: https://civitai.com/images/104522843),6e621706-2aad-4344-a1a0-253363d64343,https://image.civitai.com/xG1nkqKTMzGDvpLrqFT7WA/6e621706-2aad-4344-a1a0-253363d64343/original=true,5211
Prompt 未在卡片中提供（详情页: https://civitai.com/images/104743559),32903c08-f807-4fe5-87e2-3247df6da732,https://image.civitai.com/xG1nkqKTMzGDvpLrqFT7WA/32903c08-f807-4fe5-87e2-3247df6da732/original=true,5211
Prompt 未在卡片中提供（详情页: https://civitai.com/images/104743442),bb206c2f-3d54-4a46-a2ea-74f327f29d60,https://image.civitai.com/xG1nkqKTMzGDvpLrqFT7WA/bb206c2f-3d54-4a46-a2ea-74f327f29d60/original=true,5211
Prompt 未在卡片中提供（详情页: https://civitai.com/images/104110333),27d69abc-f98d-47b5-828d-e045827249c1,https://image.civitai.com/xG1nkqKTMzGDvpLrqFT7WA/27d69abc-f98d-47b5-828d-e045827249c1/original=true,5211
Prompt 未在卡片中提供（详情页: https://civitai.com/images/104743445),6019ccfe-1a66-4cc5-81a7-83a7259d4646,https://image.civitai.com/xG1nkqKTMzGDvpLrqFT7WA/6019ccfe-1a66-4cc5-81a7-83a7259d4646/original=true,5211
Prompt 未在卡片中提供（详情页: https://civitai.com/images/104460618),f952d088-d244-49e7-8a43-1a48fd89b3a4,https://image.civitai.com/xG1nkqKTMzGDvpLrqFT7WA/f952d088-d244-49e7-8a43-1a48fd89b3a4/original=true,172
Prompt 未在卡片中提供（详情页: https://civitai.com/images/104087431),87e6d7cc-b22f-49bd-ad07-ff9b3e4a3fd9,https://image.civitai.com/xG1nkqKTMzGDvpLrqFT7WA/87e6d7cc-b22f-49bd-ad07-ff9b3e4a3fd9/original=true,172
Prompt 未在卡片中提供（详情页: https://civitai.com/images/104644949),d940306e-65e6-4fdf-82aa-d87e86d4d426,https://image.civitai.com/xG1nkqKTMzGDvpLrqFT7WA/d940306e-65e6-4fdf-82aa-d87e86d4d426/original=true,172
Prompt 未在卡片中提供（详情页: https://civitai.com/images/104253075),1771655a-8805-46ee-b885-3a33b05f5e9c,https://image.civitai.com/xG1nkqKTMzGDvpLrqFT7WA/1771655a-8805-46ee-b885-3a33b05f5e9c/original=true,172
Prompt 未在卡片中提供（详情页: https://civitai.com/images/103751154),f57fe63f-cebc-4a0d-8580-cd1d1cd55f5d,https://image.civitai.com/xG1nkqKTMzGDvpLrqFT7WA/f57fe63f-cebc-4a0d-8580-cd1d1cd55f5d/original=true,172
Prompt 未在卡片中提供（详情页: https://civitai.com/images/104335265),557ee4d4-33fb-4434-ba9e-f303a375e012,https://image.civitai.com/xG1nkqKTMzGDvpLrqFT7WA/557ee4d4-33fb-4434-ba9e-f303a375e012/original=true,172
Prompt 未在卡片中提供（详情页: https://civitai.com/images/104335264),d67b9230-9b0f-462b-8e2a-92a08982fdfd,https://image.civitai.com/xG1nkqKTMzGDvpLrqFT7WA/d67b9230-9b0f-462b-8e2a-92a08982fdfd/original=true,172
Prompt 未在卡片中提供（详情页: https://civitai.com/images/104369653),52093381-a9b4-408d-920f-5406b1d4f2ef,https://image.civitai.com/xG1nkqKTMzGDvpLrqFT7WA/52093381-a9b4-408d-920f-5406b1d4f2ef/original=true,172
Prompt 未在卡片中提供（详情页: https://civitai.com/images/103880268),e67ea9e5-a5c4-4974-adf8-94daa05f3b27,https://image.civitai.com/xG1nkqKTMzGDvpLrqFT7WA/e67ea9e5-a5c4-4974-adf8-94daa05f3b27/original=true,172
Prompt 未在卡片中提供（详情页: https://civitai.com/images/103582477),594c3fe9-93fa-4a88-b965-21c24cca4d13,https://image.civitai.com/xG1nkqKTMzGDvpLrqFT7WA/594c3fe9-93fa-4a88-b965-21c24cca4d13/original=true,172
Prompt 未在卡片中提供（详情页: https://civitai.com/images/104463063),dd80adc6-4493-47d2-8b97-07312b4c23e5,https://image.civitai.com/xG1nkqKTMzGDvpLrqFT7WA/dd80adc6-4493-47d2-8b97-07312b4c23e5/original=true,172
Prompt 未在卡片中提供（详情页: https://civitai.com/images/104539563),45bdd7d9-2c1a-4f60-a084-31888207c5a5,https://image.civitai.com/xG1nkqKTMzGDvpLrqFT7WA/45bdd7d9-2c1a-4f60-a084-31888207c5a5/original=true,172
Prompt 未在卡片中提供（详情页: https://civitai.com/images/104827676),b02c9780-b8fe-413b-8905-f41994d26336,https://image.civitai.com/xG1nkqKTMzGDvpLrqFT7WA/b02c9780-b8fe-413b-8905-f41994d26336/original=true,172
Prompt 未在卡片中提供（详情页: https://civitai.com/images/104150326),2aad6e00-d9e7-4254-9dc2-9b469a218fed,https://image.civitai.com/xG1nkqKTMzGDvpLrqFT7WA/2aad6e00-d9e7-4254-9dc2-9b469a218fed/original=true,172
Prompt 未在卡片中提供（详情页: https://civitai.com/images/104087429),c68f0891-471b-4c0e-a50b-276ae14136ba,https://image.civitai.com/xG1nkqKTMzGDvpLrqFT7WA/c68f0891-471b-4c0e-a50b-276ae14136ba/original=true,172
Prompt 未在卡片中提供（详情页: https://civitai.com/images/103582476),16fb85a6-f4d4-4ea0-a4b4-9e798b5c71d3,https://image.civitai.com/xG1nkqKTMzGDvpLrqFT7WA/16fb85a6-f4d4-4ea0-a4b4-9e798b5c71d3/original=true,172
Prompt 未在卡片中提供（详情页: https://civitai.com/images/104644950),8c769cc2-fda5-4a84-92e7-f81d8bc1c101,https://image.civitai.com/xG1nkqKTMzGDvpLrqFT7WA/8c769cc2-fda5-4a84-92e7-f81d8bc1c101/original=true,172
Prompt 未在卡片中提供（详情页: https://civitai.com/images/103880269),0bf1f0e7-2a1f-43c9-bb0b-a6a4d152285a,https://image.civitai.com/xG1nkqKTMzGDvpLrqFT7WA/0bf1f0e7-2a1f-43c9-bb0b-a6a4d152285a/original=true,172
Prompt 未在卡片中提供（详情页: https://civitai.com/images/104369646),a06103d7-d4d4-465d-9825-380b11021e27,https://image.civitai.com/xG1nkqKTMzGDvpLrqFT7WA/a06103d7-d4d4-465d-9825-380b11021e27/original=true,172
Prompt 未在卡片中提供（详情页: https://civitai.com/images/103872611),6e5885a5-b712-4e59-8bb5-b49feebb48ca,https://image.civitai.com/xG1nkqKTMzGDvpLrqFT7WA/6e5885a5-b712-4e59-8bb5-b49feebb48ca/original=true,172
Prompt 未在卡片中提供（详情页: https://civitai.com/images/103913602),14267e4f-29bc-428f-ad29-1d69b5dbe95c,https://image.civitai.com/xG1nkqKTMzGDvpLrqFT7WA/14267e4f-29bc-428f-ad29-1d69b5dbe95c/original=true,172
Prompt 未在卡片中提供（详情页: https://civitai.com/images/104644952),0752e5ed-0578-40dc-918e-dee7a1526bc8,https://image.civitai.com/xG1nkqKTMzGDvpLrqFT7WA/0752e5ed-0578-40dc-918e-dee7a1526bc8/original=true,172
Prompt 未在卡片中提供（详情页: https://civitai.com/images/104652786),baec7730-83c0-45ff-93f1-68cb3bc235cf,https://image.civitai.com/xG1nkqKTMzGDvpLrqFT7WA/baec7730-83c0-45ff-93f1-68cb3bc235cf/original=true,172
Prompt 未在卡片中提供（详情页: https://civitai.com/images/103582475),2e3f1c1a-8587-4a55-ad04-cf623a3ee982,https://image.civitai.com/xG1nkqKTMzGDvpLrqFT7WA/2e3f1c1a-8587-4a55-ad04-cf623a3ee982/original=true,172
Prompt 未在卡片中提供（详情页: https://civitai.com/images/104457135),8d24edc6-bcaf-47bb-9b94-034be10e435e,https://image.civitai.com/xG1nkqKTMzGDvpLrqFT7WA/8d24edc6-bcaf-47bb-9b94-034be10e435e/original=true,172
Prompt 未在卡片中提供（详情页: https://civitai.com/images/104827673),223d9059-0b9a-4f00-bac2-6360d15dbc3f,https://image.civitai.com/xG1nkqKTMzGDvpLrqFT7WA/223d9059-0b9a-4f00-bac2-6360d15dbc3f/original=true,172
Prompt 未在卡片中提供（详情页: https://civitai.com/images/104253078),4e0bcc5e-f0ec-4410-bcd1-11ec82a62498,https://image.civitai.com/xG1nkqKTMzGDvpLrqFT7WA/4e0bcc5e-f0ec-4410-bcd1-11ec82a62498/original=true,172
Prompt 未在卡片中提供（详情页: https://civitai.com/images/104150329),0794fa86-1f1a-4026-b078-3ce40236f527,https://image.civitai.com/xG1nkqKTMzGDvpLrqFT7WA/0794fa86-1f1a-4026-b078-3ce40236f527/original=true,172
Prompt 未在卡片中提供（详情页: https://civitai.com/images/104829655),921b10b9-3ebb-4d24-9a7d-a4dd994bc631,https://image.civitai.com/xG1nkqKTMzGDvpLrqFT7WA/921b10b9-3ebb-4d24-9a7d-a4dd994bc631/original=true,172
Prompt 未在卡片中提供（详情页: https://civitai.com/images/103582478),1af5ce2c-ae95-4be6-af8e-b92900691baa,https://image.civitai.com/xG1nkqKTMzGDvpLrqFT7WA/1af5ce2c-ae95-4be6-af8e-b92900691baa/original=true,172
Prompt 未在卡片中提供（详情页: https://civitai.com/images/104087428),fac8ccf2-0991-4201-8a79-18d22af05234,https://image.civitai.com/xG1nkqKTMzGDvpLrqFT7WA/fac8ccf2-0991-4201-8a79-18d22af05234/original=true,172
Prompt 未在卡片中提供（详情页: https://civitai.com/images/103751536),9591f8e1-c0ad-4d6b-9a68-0854472251f4,https://image.civitai.com/xG1nkqKTMzGDvpLrqFT7WA/9591f8e1-c0ad-4d6b-9a68-0854472251f4/original=true,172
Prompt 未在卡片中提供（详情页: https://civitai.com/images/103913604),04e95908-ad41-464c-a7dc-cc86001f61d2,https://image.civitai.com/xG1nkqKTMzGDvpLrqFT7WA/04e95908-ad41-464c-a7dc-cc86001f61d2/original=true,172
Prompt 未在卡片中提供（详情页: https://civitai.com/images/104150327),b75a53a4-238e-4baf-b408-13bec5908ac9,https://image.civitai.com/xG1nkqKTMzGDvpLrqFT7WA/b75a53a4-238e-4baf-b408-13bec5908ac9/original=true,172
Prompt 未在卡片中提供（详情页: https://civitai.com/images/103578274),c3a62d15-8762-40b6-ac55-649dd4c5e561,https://image.civitai.com/xG1nkqKTMzGDvpLrqFT7WA/c3a62d15-8762-40b6-ac55-649dd4c5e561/original=true,172
Prompt 未在卡片中提供（详情页: https://civitai.com/images/104557132),76a557bb-4ea9-416e-b7c3-9c9268e1e2ce,https://image.civitai.com/xG1nkqKTMzGDvpLrqFT7WA/76a557bb-4ea9-416e-b7c3-9c9268e1e2ce/original=true,3060
Prompt 未在卡片中提供（详情页: https://civitai.com/images/104251211),9f155f87-0301-44a2-a040-3cad76cca0a3,https://image.civitai.com/xG1nkqKTMzGDvpLrqFT7WA/9f155f87-0301-44a2-a040-3cad76cca0a3/original=true,3060
Prompt 未在卡片中提供（详情页: https://civitai.com/images/104457382),fe6c2d44-aeea-46a4-be73-e55777e696a0,https://image.civitai.com/xG1nkqKTMzGDvpLrqFT7WA/fe6c2d44-aeea-46a4-be73-e55777e696a0/original=true,3060
Prompt 未在卡片中提供（详情页: https://civitai.com/images/104458668),08861d62-c808-41f3-93fb-6d133a5d6c2e,https://image.civitai.com/xG1nkqKTMzGDvpLrqFT7WA/08861d62-c808-41f3-93fb-6d133a5d6c2e/original=true,3060
Prompt 未在卡片中提供（详情页: https://civitai.com/images/104836659),f646def9-b5c0-472a-a210-acfcd780fa31,https://image.civitai.com/xG1nkqKTMzGDvpLrqFT7WA/f646def9-b5c0-472a-a210-acfcd780fa31/original=true,3060
Prompt 未在卡片中提供（详情页: https://civitai.com/images/104064342),500a4448-71da-46c5-bf52-a062b8fe5979,https://image.civitai.com/xG1nkqKTMzGDvpLrqFT7WA/500a4448-71da-46c5-bf52-a062b8fe5979/original=true,3060
Prompt 未在卡片中提供（详情页: https://civitai.com/images/104251212),685b6717-6907-4b1b-ae45-834315a159cf,https://image.civitai.com/xG1nkqKTMzGDvpLrqFT7WA/685b6717-6907-4b1b-ae45-834315a159cf/original=true,3060
Prompt 未在卡片中提供（详情页: https://civitai.com/images/104456082),b9fe04dd-d904-4350-a91c-63a01e51279f,https://image.civitai.com/xG1nkqKTMzGDvpLrqFT7WA/b9fe04dd-d904-4350-a91c-63a01e51279f/original=true,3060
Prompt 未在卡片中提供（详情页: https://civitai.com/images/104557116),a9590a34-b28e-45e2-8be2-913a6636bd59,https://image.civitai.com/xG1nkqKTMzGDvpLrqFT7WA/a9590a34-b28e-45e2-8be2-913a6636bd59/original=true,3060
Prompt 未在卡片中提供（详情页: https://civitai.com/images/104837646),743805a5-cda3-4be4-9be5-d8a23c288e26,https://image.civitai.com/xG1nkqKTMzGDvpLrqFT7WA/743805a5-cda3-4be4-9be5-d8a23c288e26/original=true,3060
Prompt 未在卡片中提供（详情页: https://civitai.com/images/104251166),5a746274-8cc6-44e6-84ee-432f365fea61,https://image.civitai.com/xG1nkqKTMzGDvpLrqFT7WA/5a746274-8cc6-44e6-84ee-432f365fea61/original=true,3060
Prompt 未在卡片中提供（详情页: https://civitai.com/images/104836660),bb7226a4-d3c9-4347-a18d-3a853080c486,https://image.civitai.com/xG1nkqKTMzGDvpLrqFT7WA/bb7226a4-d3c9-4347-a18d-3a853080c486/original=true,3060
Prompt 未在卡片中提供（详情页: https://civitai.com/images/104063984),82e83fca-f254-4759-8583-8f412b4ba3e9,https://image.civitai.com/xG1nkqKTMzGDvpLrqFT7WA/82e83fca-f254-4759-8583-8f412b4ba3e9/original=true,3060
Prompt 未在卡片中提供（详情页: https://civitai.com/images/104557126),a3a00b60-c4d0-4619-bb28-e01c80a0235f,https://image.civitai.com/xG1nkqKTMzGDvpLrqFT7WA/a3a00b60-c4d0-4619-bb28-e01c80a0235f/original=true,3060
Prompt 未在卡片中提供（详情页: https://civitai.com/images/104458092),4a579226-528d-4a2f-a84e-4f9885593592,https://image.civitai.com/xG1nkqKTMzGDvpLrqFT7WA/4a579226-528d-4a2f-a84e-4f9885593592/original=true,3060
Prompt 未在卡片中提供（详情页: https://civitai.com/images/104556582),a9607e0a-539c-472f-b79e-622600d7aab7,https://image.civitai.com/xG1nkqKTMzGDvpLrqFT7WA/a9607e0a-539c-472f-b79e-622600d7aab7/original=true,3060
Prompt 未在卡片中提供（详情页: https://civitai.com/images/104735510),5f7c726c-c447-4e8b-88c2-d0e9e31f1cab,https://image.civitai.com/xG1nkqKTMzGDvpLrqFT7WA/5f7c726c-c447-4e8b-88c2-d0e9e31f1cab/original=true,3060
Prompt 未在卡片中提供（详情页: https://civitai.com/images/104837615),e3b5dc4e-2b74-4b18-bc6b-cb9e128ef43b,https://image.civitai.com/xG1nkqKTMzGDvpLrqFT7WA/e3b5dc4e-2b74-4b18-bc6b-cb9e128ef43b/original=true,3060
Prompt 未在卡片中提供（详情页: https://civitai.com/images/104556530),7e995e46-afc9-4c27-bd82-fa753ae141a1,https://image.civitai.com/xG1nkqKTMzGDvpLrqFT7WA/7e995e46-afc9-4c27-bd82-fa753ae141a1/original=true,3060
Prompt 未在卡片中提供（详情页: https://civitai.com/images/104827675),b1b8bd46-e767-4f93-928b-81c510e2c8ee,https://image.civitai.com/xG1nkqKTMzGDvpLrqFT7WA/b1b8bd46-e767-4f93-928b-81c510e2c8ee/original=true,3060
Prompt 未在卡片中提供（详情页: https://civitai.com/images/104251173),dcda4705-b01c-479a-9688-ae62b1f9a66c,https://image.civitai.com/xG1nkqKTMzGDvpLrqFT7WA/dcda4705-b01c-479a-9688-ae62b1f9a66c/original=true,3060
Prompt 未在卡片中提供（详情页: https://civitai.com/images/104250621),a97987d7-859d-43f1-bd6a-fc60d0180167,https://image.civitai.com/xG1nkqKTMzGDvpLrqFT7WA/a97987d7-859d-43f1-bd6a-fc60d0180167/original=true,3060
Prompt 未在卡片中提供（详情页: https://civitai.com/images/104251201),85d8925e-e46f-4032-a4ba-ec89b41b067f,https://image.civitai.com/xG1nkqKTMzGDvpLrqFT7WA/85d8925e-e46f-4032-a4ba-ec89b41b067f/original=true,3060
Prompt 未在卡片中提供（详情页: https://civitai.com/images/104457987),81527a64-b965-47b1-8457-a78fb0cc4af1,https://image.civitai.com/xG1nkqKTMzGDvpLrqFT7WA/81527a64-b965-47b1-8457-a78fb0cc4af1/original=true,3060
Prompt 未在卡片中提供（详情页: https://civitai.com/images/104836656),a7581092-0351-48b3-be98-ce11e86c4c49,https://image.civitai.com/xG1nkqKTMzGDvpLrqFT7WA/a7581092-0351-48b3-be98-ce11e86c4c49/original=true,3060
Prompt 未在卡片中提供（详情页: https://civitai.com/images/104827671),e58d318e-77f8-4e60-8fc3-ca7b06d5732c,https://image.civitai.com/xG1nkqKTMzGDvpLrqFT7WA/e58d318e-77f8-4e60-8fc3-ca7b06d5732c/original=true,3060
Prompt 未在卡片中提供（详情页: https://civitai.com/images/104063999),27c96242-4d8f-411d-921a-6792dcb9cdd8,https://image.civitai.com/xG1nkqKTMzGDvpLrqFT7WA/27c96242-4d8f-411d-921a-6792dcb9cdd8/original=true,3060
Prompt 未在卡片中提供（详情页: https://civitai.com/images/104457384),ca020a32-8bfd-4563-b23d-bcb798ce0513,https://image.civitai.com/xG1nkqKTMzGDvpLrqFT7WA/ca020a32-8bfd-4563-b23d-bcb798ce0513/original=true,3060
Prompt 未在卡片中提供（详情页: https://civitai.com/images/104454825),2cd537e5-1047-407e-aae2-9e2b7ff14b17,https://image.civitai.com/xG1nkqKTMzGDvpLrqFT7WA/2cd537e5-1047-407e-aae2-9e2b7ff14b17/original=true,3060
Prompt 未在卡片中提供（详情页: https://civitai.com/images/104063980),207281e9-0e84-43d6-a3ea-4d1eab7e79ef,https://image.civitai.com/xG1nkqKTMzGDvpLrqFT7WA/207281e9-0e84-43d6-a3ea-4d1eab7e79ef/original=true,3060
Prompt 未在卡片中提供（详情页: https://civitai.com/images/104355225),3da30d03-2d0b-4096-9d00-4b213b9e281d,https://image.civitai.com/xG1nkqKTMzGDvpLrqFT7WA/3da30d03-2d0b-4096-9d00-4b213b9e281d/original=true,3060
Prompt 未在卡片中提供（详情页: https://civitai.com/images/104250572),baf88086-0bc1-40c7-b477-93c9b1aebb9d,https://image.civitai.com/xG1nkqKTMzGDvpLrqFT7WA/baf88086-0bc1-40c7-b477-93c9b1aebb9d/original=true,3060
Prompt 未在卡片中提供（详情页: https://civitai.com/images/104063618),06264c83-3834-4096-97fa-9d5dd1848099,https://image.civitai.com/xG1nkqKTMzGDvpLrqFT7WA/06264c83-3834-4096-97fa-9d5dd1848099/original=true,3060
Prompt 未在卡片中提供（详情页: https://civitai.com/images/104838667),0cd7ca8a-01ad-4ac1-9b81-bdacf88ee047,https://image.civitai.com/xG1nkqKTMzGDvpLrqFT7WA/0cd7ca8a-01ad-4ac1-9b81-bdacf88ee047/original=true,3060
Prompt 未在卡片中提供（详情页: https://civitai.com/images/104743444),c6717045-26aa-41ee-a1df-f3143261703d,https://image.civitai.com/xG1nkqKTMzGDvpLrqFT7WA/c6717045-26aa-41ee-a1df-f3143261703d/original=true,5211
Prompt 未在卡片中提供（详情页: https://civitai.com/images/104509033),ad1b3762-81f9-49a0-8aa0-9f8e2c656746,https://image.civitai.com/xG1nkqKTMzGDvpLrqFT7WA/ad1b3762-81f9-49a0-8aa0-9f8e2c656746/original=true,5211
Prompt 未在卡片中提供（详情页: https://civitai.com/images/104155268),06bb9003-5270-40d1-9685-6f357763a9ad,https://image.civitai.com/xG1nkqKTMzGDvpLrqFT7WA/06bb9003-5270-40d1-9685-6f357763a9ad/original=true,5211
Prompt 未在卡片中提供（详情页: https://civitai.com/images/104250948),321387d3-0976-42ce-9496-2071a7836a45,https://image.civitai.com/xG1nkqKTMzGDvpLrqFT7WA/321387d3-0976-42ce-9496-2071a7836a45/original=true,5211
Prompt 未在卡片中提供（详情页: https://civitai.com/images/104880389),ee43deca-8966-4e94-bb97-fa21a7769b46,https://image.civitai.com/xG1nkqKTMzGDvpLrqFT7WA/ee43deca-8966-4e94-bb97-fa21a7769b46/original=true,5211
Prompt 未在卡片中提供（详情页: https://civitai.com/images/104880383),3b0b45a9-6d66-48df-9515-a61d7bf98dba,https://image.civitai.com/xG1nkqKTMzGDvpLrqFT7WA/3b0b45a9-6d66-48df-9515-a61d7bf98dba/original=true,5211
Prompt 未在卡片中提供（详情页: https://civitai.com/images/105072076),b5804053-8a7f-4038-966e-39304f1ecc55,https://image.civitai.com/xG1nkqKTMzGDvpLrqFT7WA/b5804053-8a7f-4038-966e-39304f1ecc55/original=true,5211
Prompt 未在卡片中提供（详情页: https://civitai.com/images/105072097),72cbb561-9c17-4553-b693-f5c993bd4e4f,https://image.civitai.com/xG1nkqKTMzGDvpLrqFT7WA/72cbb561-9c17-4553-b693-f5c993bd4e4f/original=true,5211
Prompt 未在卡片中提供（详情页: https://civitai.com/images/104901363),26e8ded0-31c0-41bf-8931-b92828d2cc73,https://image.civitai.com/xG1nkqKTMzGDvpLrqFT7WA/26e8ded0-31c0-41bf-8931-b92828d2cc73/original=true,5211
Prompt 未在卡片中提供（详情页: https://civitai.com/images/104549790),47fa7e67-4025-4e6d-8ee1-9cbf89edc6de,https://image.civitai.com/xG1nkqKTMzGDvpLrqFT7WA/47fa7e67-4025-4e6d-8ee1-9cbf89edc6de/original=true,5211
Prompt 未在卡片中提供（详情页: https://civitai.com/images/104320813),08b35ac4-d159-4b6e-80c8-b1fb99dd43a3,https://image.civitai.com/xG1nkqKTMzGDvpLrqFT7WA/08b35ac4-d159-4b6e-80c8-b1fb99dd43a3/original=true,5211
Prompt 未在卡片中提供（详情页: https://civitai.com/images/105072073),c5640272-b8e6-4fbf-a07f-8e628fdfa4c4,https://image.civitai.com/xG1nkqKTMzGDvpLrqFT7WA/c5640272-b8e6-4fbf-a07f-8e628fdfa4c4/original=true,5211
Prompt 未在卡片中提供（详情页: https://civitai.com/images/105070031),7e1710a5-7280-4834-9e7c-a870e94ee61b,https://image.civitai.com/xG1nkqKTMzGDvpLrqFT7WA/7e1710a5-7280-4834-9e7c-a870e94ee61b/original=true,5211
Prompt 未在卡片中提供（详情页: https://civitai.com/images/105072075),5adab258-35b3-46ce-bd78-f3bb2e7e880f,https://image.civitai.com/xG1nkqKTMzGDvpLrqFT7WA/5adab258-35b3-46ce-bd78-f3bb2e7e880f/original=true,5211
Prompt 未在卡片中提供（详情页: https://civitai.com/images/105237791),b0365d8c-3cb5-43b5-a05c-f0075513281a,https://image.civitai.com/xG1nkqKTMzGDvpLrqFT7WA/b0365d8c-3cb5-43b5-a05c-f0075513281a/original=true,5211
Prompt 未在卡片中提供（详情页: https://civitai.com/images/105071847),3aebcd27-f979-468b-a961-8264d2f379c2,https://image.civitai.com/xG1nkqKTMzGDvpLrqFT7WA/3aebcd27-f979-468b-a961-8264d2f379c2/original=true,5211
Prompt 未在卡片中提供（详情页: https://civitai.com/images/103167306),b76c3e79-27bf-41e6-bb05-080e0da22824,https://image.civitai.com/xG1nkqKTMzGDvpLrqFT7WA/b76c3e79-27bf-41e6-bb05-080e0da22824/original=true,5211
Prompt 未在卡片中提供（详情页: https://civitai.com/images/99845810),a03136ab-40c6-4269-a66b-5ffe221075e5,https://image.civitai.com/xG1nkqKTMzGDvpLrqFT7WA/a03136ab-40c6-4269-a66b-5ffe221075e5/original=true,5211
Prompt 未在卡片中提供（详情页: https://civitai.com/images/100275568),ff433468-a7b9-4ec4-ad03-814ebbc32cca,https://image.civitai.com/xG1nkqKTMzGDvpLrqFT7WA/ff433468-a7b9-4ec4-ad03-814ebbc32cca/original=true,5211
Prompt 未在卡片中提供（详情页: https://civitai.com/images/100283563),b4e3dee2-19b8-4246-9f4f-fbff5dbce43d,https://image.civitai.com/xG1nkqKTMzGDvpLrqFT7WA/b4e3dee2-19b8-4246-9f4f-fbff5dbce43d/original=true,5211
Prompt 未在卡片中提供（详情页: https://civitai.com/images/100502430),b2e1f5e5-218e-4bd0-a61a-2436ede02c13,https://image.civitai.com/xG1nkqKTMzGDvpLrqFT7WA/b2e1f5e5-218e-4bd0-a61a-2436ede02c13/original=true,5211
Prompt 未在卡片中提供（详情页: https://civitai.com/images/100251598),49f7a03e-516c-4849-bbaa-4f5ffe6c7f63,https://image.civitai.com/xG1nkqKTMzGDvpLrqFT7WA/49f7a03e-516c-4849-bbaa-4f5ffe6c7f63/original=true,5211
Prompt 未在卡片中提供（详情页: https://civitai.com/images/100275567),f96872e6-c032-4acc-b175-343f42ea9939,https://image.civitai.com/xG1nkqKTMzGDvpLrqFT7WA/f96872e6-c032-4acc-b175-343f42ea9939/original=true,5211
Prompt 未在卡片中提供（详情页: https://civitai.com/images/101644465),ab479625-cf1c-4d56-9ed3-0f08ec841561,https://image.civitai.com/xG1nkqKTMzGDvpLrqFT7WA/ab479625-cf1c-4d56-9ed3-0f08ec841561/original=true,5211
Prompt 未在卡片中提供（详情页: https://civitai.com/images/102685792),b177b158-6378-41ec-98e9-fd923ebb25c0,https://image.civitai.com/xG1nkqKTMzGDvpLrqFT7WA/b177b158-6378-41ec-98e9-fd923ebb25c0/original=true,5211
Prompt 未在卡片中提供（详情页: https://civitai.com/images/99500832),c2bed107-b900-431a-907e-c6a677c52c7d,https://image.civitai.com/xG1nkqKTMzGDvpLrqFT7WA/c2bed107-b900-431a-907e-c6a677c52c7d/original=true,5211
Prompt 未在卡片中提供（详情页: https://civitai.com/images/101050413),3f246809-89d2-4c5e-a1c5-a36f2a68b828,https://image.civitai.com/xG1nkqKTMzGDvpLrqFT7WA/3f246809-89d2-4c5e-a1c5-a36f2a68b828/original=true,5211
Prompt 未在卡片中提供（详情页: https://civitai.com/images/100283564),db32019e-b880-4b89-a98a-813be0bc798f,https://image.civitai.com/xG1nkqKTMzGDvpLrqFT7WA/db32019e-b880-4b89-a98a-813be0bc798f/original=true,5211
Prompt 未在卡片中提供（详情页: https://civitai.com/images/99501844),e34aaeea-be00-43ee-a8e4-462ec080c0d3,https://image.civitai.com/xG1nkqKTMzGDvpLrqFT7WA/e34aaeea-be00-43ee-a8e4-462ec080c0d3/original=true,5211
Prompt 未在卡片中提供（详情页: https://civitai.com/images/100275570),db6b1acd-8be8-4b43-ada4-70fa4be33713,https://image.civitai.com/xG1nkqKTMzGDvpLrqFT7WA/db6b1acd-8be8-4b43-ada4-70fa4be33713/original=true,5211
Prompt 未在卡片中提供（详情页: https://civitai.com/images/101643202),7fd29acf-1d31-4772-937d-d0b041b33df0,https://image.civitai.com/xG1nkqKTMzGDvpLrqFT7WA/7fd29acf-1d31-4772-937d-d0b041b33df0/original=true,5211
Prompt 未在卡片中提供（详情页: https://civitai.com/images/99501838),4fb6f101-4446-4a08-afea-84ad7dbedec1,https://image.civitai.com/xG1nkqKTMzGDvpLrqFT7WA/4fb6f101-4446-4a08-afea-84ad7dbedec1/original=true,5211
Prompt 未在卡片中提供（详情页: https://civitai.com/images/100242790),e8487a45-7f2f-438b-b3fe-2a7b32a26555,https://image.civitai.com/xG1nkqKTMzGDvpLrqFT7WA/e8487a45-7f2f-438b-b3fe-2a7b32a26555/original=true,5211
Prompt 未在卡片中提供（详情页: https://civitai.com/images/100283565),af2fc814-7994-4be0-9224-eac05b090df1,https://image.civitai.com/xG1nkqKTMzGDvpLrqFT7WA/af2fc814-7994-4be0-9224-eac05b090df1/original=true,5211
Prompt 未在卡片中提供（详情页: https://civitai.com/images/99501839),8283d926-149f-4384-a178-62756ca4c21a,https://image.civitai.com/xG1nkqKTMzGDvpLrqFT7WA/8283d926-149f-4384-a178-62756ca4c21a/original=true,5211
Prompt 未在卡片中提供（详情页: https://civitai.com/images/101643201),bbe14fc7-e84b-4f2f-838a-a794331daf76,https://image.civitai.com/xG1nkqKTMzGDvpLrqFT7WA/bbe14fc7-e84b-4f2f-838a-a794331daf76/original=true,5211
Prompt 未在卡片中提供（详情页: https://civitai.com/images/99501837),531f20d4-426b-4bf5-b25f-a731112e5f39,https://image.civitai.com/xG1nkqKTMzGDvpLrqFT7WA/531f20d4-426b-4bf5-b25f-a731112e5f39/original=true,5211
Prompt 未在卡片中提供（详情页: https://civitai.com/images/100275569),8a0bc2a5-be0b-462e-a415-13f460e21928,https://image.civitai.com/xG1nkqKTMzGDvpLrqFT7WA/8a0bc2a5-be0b-462e-a415-13f460e21928/original=true,5211
Prompt 未在卡片中提供（详情页: https://civitai.com/images/103695989),b52ea280-7789-4a99-a8ed-0ebe67771314,https://image.civitai.com/xG1nkqKTMzGDvpLrqFT7WA/b52ea280-7789-4a99-a8ed-0ebe67771314/original=true,5211
Prompt 未在卡片中提供（详情页: https://civitai.com/images/100502431),160f588b-50cf-486d-bddb-7d3454dfb61c,https://image.civitai.com/xG1nkqKTMzGDvpLrqFT7WA/160f588b-50cf-486d-bddb-7d3454dfb61c/original=true,5211
Prompt 未在卡片中提供（详情页: https://civitai.com/images/100498825),4abee6b5-06d4-4f0c-852d-df0a32c6f269,https://image.civitai.com/xG1nkqKTMzGDvpLrqFT7WA/4abee6b5-06d4-4f0c-852d-df0a32c6f269/original=true,5211
Prompt 未在卡片中提供（详情页: https://civitai.com/images/100498814),ff3fb214-25af-4b9c-8f6e-afc6f7a00aae,https://image.civitai.com/xG1nkqKTMzGDvpLrqFT7WA/ff3fb214-25af-4b9c-8f6e-afc6f7a00aae/original=true,5211
Prompt 未在卡片中提供（详情页: https://civitai.com/images/102684014),2afe31fc-ac30-49a1-a3da-6cea1e2b26c9,https://image.civitai.com/xG1nkqKTMzGDvpLrqFT7WA/2afe31fc-ac30-49a1-a3da-6cea1e2b26c9/original=true,5211
Prompt 未在卡片中提供（详情页: https://civitai.com/images/99500826),e9ca4920-f165-4e21-aabc-0fb782eb7916,https://image.civitai.com/xG1nkqKTMzGDvpLrqFT7WA/e9ca4920-f165-4e21-aabc-0fb782eb7916/original=true,5211
Prompt 未在卡片中提供（详情页: https://civitai.com/images/99708011),4fafc465-81c9-4421-b16f-8e14e97b6dd6,https://image.civitai.com/xG1nkqKTMzGDvpLrqFT7WA/4fafc465-81c9-4421-b16f-8e14e97b6dd6/original=true,5211
Prompt 未在卡片中提供（详情页: https://civitai.com/images/99412649),d2de82d9-f934-4d92-bdba-b30310ad50e4,https://image.civitai.com/xG1nkqKTMzGDvpLrqFT7WA/d2de82d9-f934-4d92-bdba-b30310ad50e4/original=true,5211
Prompt 未在卡片中提供（详情页: https://civitai.com/images/99708043),7c8c2f23-0a6d-41ae-aa34-a198e0f2596c,https://image.civitai.com/xG1nkqKTMzGDvpLrqFT7WA/7c8c2f23-0a6d-41ae-aa34-a198e0f2596c/original=true,5211
Prompt 未在卡片中提供（详情页: https://civitai.com/images/100504634),23337048-511b-426f-bfaf-0cdf6b464439,https://image.civitai.com/xG1nkqKTMzGDvpLrqFT7WA/23337048-511b-426f-bfaf-0cdf6b464439/original=true,5211
Prompt 未在卡片中提供（详情页: https://civitai.com/images/102905891),64dce25e-be03-455d-9b30-fab500bccfe1,https://image.civitai.com/xG1nkqKTMzGDvpLrqFT7WA/64dce25e-be03-455d-9b30-fab500bccfe1/original=true,5211
Prompt 未在卡片中提供（详情页: https://civitai.com/images/99414280),d9723099-bf42-4be4-a9a2-24343e0a1823,https://image.civitai.com/xG1nkqKTMzGDvpLrqFT7WA/d9723099-bf42-4be4-a9a2-24343e0a1823/original=true,5211
Prompt 未在卡片中提供（详情页: https://civitai.com/images/102021525),361f6cbe-b289-452c-9e72-06ca17ff69b0,https://image.civitai.com/xG1nkqKTMzGDvpLrqFT7WA/361f6cbe-b289-452c-9e72-06ca17ff69b0/original=true,5211
Prompt 未在卡片中提供（详情页: https://civitai.com/images/100504633),53f3f477-2a5f-4f09-bb45-de81e4454461,https://image.civitai.com/xG1nkqKTMzGDvpLrqFT7WA/53f3f477-2a5f-4f09-bb45-de81e4454461/original=true,5211
Prompt 未在卡片中提供（详情页: https://civitai.com/images/99500825),7d12e42c-5a58-4a0e-83f9-e1eb6cdab1b6,https://image.civitai.com/xG1nkqKTMzGDvpLrqFT7WA/7d12e42c-5a58-4a0e-83f9-e1eb6cdab1b6/original=true,5211
Prompt 未在卡片中提供（详情页: https://civitai.com/images/103104556),7ad9d6dc-aead-4578-84a1-03ea0f5e7102,https://image.civitai.com/xG1nkqKTMzGDvpLrqFT7WA/7ad9d6dc-aead-4578-84a1-03ea0f5e7102/original=true,5211
Prompt 未在卡片中提供（详情页: https://civitai.com/images/103401346),bdc42976-d3d4-42cb-ae60-6c621f873521,https://image.civitai.com/xG1nkqKTMzGDvpLrqFT7WA/bdc42976-d3d4-42cb-ae60-6c621f873521/original=true,5211
Prompt 未在卡片中提供（详情页: https://civitai.com/images/103397518),fb0e6025-13e5-4e87-bee6-c63a01c34c03,https://image.civitai.com/xG1nkqKTMzGDvpLrqFT7WA/fb0e6025-13e5-4e87-bee6-c63a01c34c03/original=true,5211
Prompt 未在卡片中提供（详情页: https://civitai.com/images/102312134),3ec37f71-ec74-428c-b4c4-6d11123f0d6c,https://image.civitai.com/xG1nkqKTMzGDvpLrqFT7WA/3ec37f71-ec74-428c-b4c4-6d11123f0d6c/original=true,172
Prompt 未在卡片中提供（详情页: https://civitai.com/images/102132831),82f6979c-47e9-4879-802e-c20e446d0fff,https://image.civitai.com/xG1nkqKTMzGDvpLrqFT7WA/82f6979c-47e9-4879-802e-c20e446d0fff/original=true,172
Prompt 未在卡片中提供（详情页: https://civitai.com/images/102118902),e9beb367-a593-4aeb-b569-ce086aa027c7,https://image.civitai.com/xG1nkqKTMzGDvpLrqFT7WA/e9beb367-a593-4aeb-b569-ce086aa027c7/original=true,172
Prompt 未在卡片中提供（详情页: https://civitai.com/images/101014437),05f542c8-ac42-47cd-92d9-0a07ec46e96e,https://image.civitai.com/xG1nkqKTMzGDvpLrqFT7WA/05f542c8-ac42-47cd-92d9-0a07ec46e96e/original=true,172
Prompt 未在卡片中提供（详情页: https://civitai.com/images/100056584),13524f1f-1f77-4c0b-b5f1-c8d34176d182,https://image.civitai.com/xG1nkqKTMzGDvpLrqFT7WA/13524f1f-1f77-4c0b-b5f1-c8d34176d182/original=true,172
Prompt 未在卡片中提供（详情页: https://civitai.com/images/101015603),07ce5709-62eb-41b3-ac00-9cc726746b33,https://image.civitai.com/xG1nkqKTMzGDvpLrqFT7WA/07ce5709-62eb-41b3-ac00-9cc726746b33/original=true,172
Prompt 未在卡片中提供（详情页: https://civitai.com/images/103293629),028ad3c9-de9a-4f88-be2b-1ff471b60377,https://image.civitai.com/xG1nkqKTMzGDvpLrqFT7WA/028ad3c9-de9a-4f88-be2b-1ff471b60377/original=true,172
Prompt 未在卡片中提供（详情页: https://civitai.com/images/103671739),a5e50cc0-b934-43fe-a890-a102ba789c8b,https://image.civitai.com/xG1nkqKTMzGDvpLrqFT7WA/a5e50cc0-b934-43fe-a890-a102ba789c8b/original=true,172
Prompt 未在卡片中提供（详情页: https://civitai.com/images/99843387),f82e20a0-58de-4332-b474-c938f4721dc8,https://image.civitai.com/xG1nkqKTMzGDvpLrqFT7WA/f82e20a0-58de-4332-b474-c938f4721dc8/original=true,172
Prompt 未在卡片中提供（详情页: https://civitai.com/images/102488351),c920783c-c329-4048-9922-82c4c195aae6,https://image.civitai.com/xG1nkqKTMzGDvpLrqFT7WA/c920783c-c329-4048-9922-82c4c195aae6/original=true,172
Prompt 未在卡片中提供（详情页: https://civitai.com/images/103670885),ff378621-5eb7-43b4-a57b-4c2fd35bb345,https://image.civitai.com/xG1nkqKTMzGDvpLrqFT7WA/ff378621-5eb7-43b4-a57b-4c2fd35bb345/original=true,172
Prompt 未在卡片中提供（详情页: https://civitai.com/images/101746885),ac3cda0f-4486-4d1e-8227-d1e5bce12a28,https://image.civitai.com/xG1nkqKTMzGDvpLrqFT7WA/ac3cda0f-4486-4d1e-8227-d1e5bce12a28/original=true,172
Prompt 未在卡片中提供（详情页: https://civitai.com/images/102487450),125a955a-38c1-4d91-bc1f-fe4ee4df8787,https://image.civitai.com/xG1nkqKTMzGDvpLrqFT7WA/125a955a-38c1-4d91-bc1f-fe4ee4df8787/original=true,172
Prompt 未在卡片中提供（详情页: https://civitai.com/images/103673984),b9842097-cfde-48ee-a244-f1dd3fb5e0a1,https://image.civitai.com/xG1nkqKTMzGDvpLrqFT7WA/b9842097-cfde-48ee-a244-f1dd3fb5e0a1/original=true,172
Prompt 未在卡片中提供（详情页: https://civitai.com/images/103297291),cbfb1182-9511-4ab3-a033-d4bde1946901,https://image.civitai.com/xG1nkqKTMzGDvpLrqFT7WA/cbfb1182-9511-4ab3-a033-d4bde1946901/original=true,172
Prompt 未在卡片中提供（详情页: https://civitai.com/images/103477256),d9e78522-afee-4dbc-870a-32e4343e4731,https://image.civitai.com/xG1nkqKTMzGDvpLrqFT7WA/d9e78522-afee-4dbc-870a-32e4343e4731/original=true,172
Prompt 未在卡片中提供（详情页: https://civitai.com/images/101188273),62a59231-82df-4e6c-a5da-99f51d394365,https://image.civitai.com/xG1nkqKTMzGDvpLrqFT7WA/62a59231-82df-4e6c-a5da-99f51d394365/original=true,172
Prompt 未在卡片中提供（详情页: https://civitai.com/images/100796473),3458fbd4-a849-4bbe-8624-9de6d5b0cdc8,https://image.civitai.com/xG1nkqKTMzGDvpLrqFT7WA/3458fbd4-a849-4bbe-8624-9de6d5b0cdc8/original=true,172
Prompt 未在卡片中提供（详情页: https://civitai.com/images/102581564),536ddba8-3a45-4335-b09a-967d059e9a35,https://image.civitai.com/xG1nkqKTMzGDvpLrqFT7WA/536ddba8-3a45-4335-b09a-967d059e9a35/original=true,172
Prompt 未在卡片中提供（详情页: https://civitai.com/images/103484878),2d33c9f0-4d7a-4173-83a0-9e436e8a9be6,https://image.civitai.com/xG1nkqKTMzGDvpLrqFT7WA/2d33c9f0-4d7a-4173-83a0-9e436e8a9be6/original=true,172
Prompt 未在卡片中提供（详情页: https://civitai.com/images/102132830),18440976-c3f1-4331-9d86-7b4625a6817f,https://image.civitai.com/xG1nkqKTMzGDvpLrqFT7WA/18440976-c3f1-4331-9d86-7b4625a6817f/original=true,172
Prompt 未在卡片中提供（详情页: https://civitai.com/images/103671062),64d18f45-c72f-410e-8630-e862d3e7781e,https://image.civitai.com/xG1nkqKTMzGDvpLrqFT7WA/64d18f45-c72f-410e-8630-e862d3e7781e/original=true,172
Prompt 未在卡片中提供（详情页: https://civitai.com/images/100242330),416628ae-84b4-4384-86ca-ca7949273f01,https://image.civitai.com/xG1nkqKTMzGDvpLrqFT7WA/416628ae-84b4-4384-86ca-ca7949273f01/original=true,172
Prompt 未在卡片中提供（详情页: https://civitai.com/images/102132829),1068d3d5-cd85-43dd-9193-5209553126f0,https://image.civitai.com/xG1nkqKTMzGDvpLrqFT7WA/1068d3d5-cd85-43dd-9193-5209553126f0/original=true,172
Prompt 未在卡片中提供（详情页: https://civitai.com/images/100434027),e5ba64b0-9435-4dd7-af2a-9e65517df12f,https://image.civitai.com/xG1nkqKTMzGDvpLrqFT7WA/e5ba64b0-9435-4dd7-af2a-9e65517df12f/original=true,172
Prompt 未在卡片中提供（详情页: https://civitai.com/images/102488831),446f52d1-de6a-468d-937c-cc7c257c72e0,https://image.civitai.com/xG1nkqKTMzGDvpLrqFT7WA/446f52d1-de6a-468d-937c-cc7c257c72e0/original=true,172
Prompt 未在卡片中提供（详情页: https://civitai.com/images/102681088),62e22b85-7a60-4666-8e9c-663c27943557,https://image.civitai.com/xG1nkqKTMzGDvpLrqFT7WA/62e22b85-7a60-4666-8e9c-663c27943557/original=true,172
Prompt 未在卡片中提供（详情页: https://civitai.com/images/102117514),4abb2c57-665f-4833-87ac-24157d7443c8,https://image.civitai.com/xG1nkqKTMzGDvpLrqFT7WA/4abb2c57-665f-4833-87ac-24157d7443c8/original=true,172
Prompt 未在卡片中提供（详情页: https://civitai.com/images/101366479),dfc2b85c-0fa0-44f4-87b2-befa9cf16795,https://image.civitai.com/xG1nkqKTMzGDvpLrqFT7WA/dfc2b85c-0fa0-44f4-87b2-befa9cf16795/original=true,172
Prompt 未在卡片中提供（详情页: https://civitai.com/images/102894962),e66ef445-e034-4610-9ef8-29a46a586efe,https://image.civitai.com/xG1nkqKTMzGDvpLrqFT7WA/e66ef445-e034-4610-9ef8-29a46a586efe/original=true,172
Prompt 未在卡片中提供（详情页: https://civitai.com/images/100056578),5f91db56-9429-4c2b-b867-18f10cc9b1a7,https://image.civitai.com/xG1nkqKTMzGDvpLrqFT7WA/5f91db56-9429-4c2b-b867-18f10cc9b1a7/original=true,172
Prompt 未在卡片中提供（详情页: https://civitai.com/images/103297295),86b79d6b-a562-479b-b899-612331220a7b,https://image.civitai.com/xG1nkqKTMzGDvpLrqFT7WA/86b79d6b-a562-479b-b899-612331220a7b/original=true,172
Prompt 未在卡片中提供（详情页: https://civitai.com/images/100874375),c949a9b2-d0f0-4ff4-8af6-7f3d30155e7b,https://image.civitai.com/xG1nkqKTMzGDvpLrqFT7WA/c949a9b2-d0f0-4ff4-8af6-7f3d30155e7b/original=true,172
Prompt 未在卡片中提供（详情页: https://civitai.com/images/100031429),3973b48e-5022-4b02-a7ef-a6e21002f6a5,https://image.civitai.com/xG1nkqKTMzGDvpLrqFT7WA/3973b48e-5022-4b02-a7ef-a6e21002f6a5/original=true,172
Prompt 未在卡片中提供（详情页: https://civitai.com/images/99749312),be1d7458-da3d-4e05-a69c-b21fc1e17c4f,https://image.civitai.com/xG1nkqKTMzGDvpLrqFT7WA/be1d7458-da3d-4e05-a69c-b21fc1e17c4f/original=true,172
Prompt 未在卡片中提供（详情页: https://civitai.com/images/102142977),d52bdc84-f9a1-43c6-8e6a-0df189ee7bd4,https://image.civitai.com/xG1nkqKTMzGDvpLrqFT7WA/d52bdc84-f9a1-43c6-8e6a-0df189ee7bd4/original=true,172
Prompt 未在卡片中提供（详情页: https://civitai.com/images/100629160),111cd14a-fbf4-43a9-9b4a-00852dcbb92a,https://image.civitai.com/xG1nkqKTMzGDvpLrqFT7WA/111cd14a-fbf4-43a9-9b4a-00852dcbb92a/original=true,172
Prompt 未在卡片中提供（详情页: https://civitai.com/images/103671738),0d36361a-0ff7-4b24-bd73-4e65de24faa6,https://image.civitai.com/xG1nkqKTMzGDvpLrqFT7WA/0d36361a-0ff7-4b24-bd73-4e65de24faa6/original=true,172
Prompt 未在卡片中提供（详情页: https://civitai.com/images/101401705),0fa02293-0a51-4742-bcaf-5f79e8395711,https://image.civitai.com/xG1nkqKTMzGDvpLrqFT7WA/0fa02293-0a51-4742-bcaf-5f79e8395711/original=true,172
Prompt 未在卡片中提供（详情页: https://civitai.com/images/101747561),29fd28f1-7985-4b77-bcff-9cc7a118d1da,https://image.civitai.com/xG1nkqKTMzGDvpLrqFT7WA/29fd28f1-7985-4b77-bcff-9cc7a118d1da/original=true,172
Prompt 未在卡片中提供（详情页: https://civitai.com/images/103127807),314585e4-075a-41e3-9a3f-2f6d29d9f862,https://image.civitai.com/xG1nkqKTMzGDvpLrqFT7WA/314585e4-075a-41e3-9a3f-2f6d29d9f862/original=true,172
Prompt 未在卡片中提供（详情页: https://civitai.com/images/103127809),87d9ba6e-aca9-492c-a7b2-ecfbc8d1d49b,https://image.civitai.com/xG1nkqKTMzGDvpLrqFT7WA/87d9ba6e-aca9-492c-a7b2-ecfbc8d1d49b/original=true,172
Prompt 未在卡片中提供（详情页: https://civitai.com/images/102685974),dea4eba9-e306-43c2-b6d0-d1cabc9b6e95,https://image.civitai.com/xG1nkqKTMzGDvpLrqFT7WA/dea4eba9-e306-43c2-b6d0-d1cabc9b6e95/original=true,3060
Prompt 未在卡片中提供（详情页: https://civitai.com/images/103486505),129914dd-df18-47c8-b4a8-ddd9c19b79be,https://image.civitai.com/xG1nkqKTMzGDvpLrqFT7WA/129914dd-df18-47c8-b4a8-ddd9c19b79be/original=true,3060
Prompt 未在卡片中提供（详情页: https://civitai.com/images/101000929),c1dceca3-c3f0-4ecd-b23c-38542d084839,https://image.civitai.com/xG1nkqKTMzGDvpLrqFT7WA/c1dceca3-c3f0-4ecd-b23c-38542d084839/original=true,3060
Prompt 未在卡片中提供（详情页: https://civitai.com/images/101561199),9d8ea359-776d-4ed1-9964-5402d796deb8,https://image.civitai.com/xG1nkqKTMzGDvpLrqFT7WA/9d8ea359-776d-4ed1-9964-5402d796deb8/original=true,3060
Prompt 未在卡片中提供（详情页: https://civitai.com/images/100620742),5575a543-af99-409d-b6c6-49eb5f27bae6,https://image.civitai.com/xG1nkqKTMzGDvpLrqFT7WA/5575a543-af99-409d-b6c6-49eb5f27bae6/original=true,3060
Prompt 未在卡片中提供（详情页: https://civitai.com/images/103676864),d73f11b3-a46c-450f-aa05-d95c7e3c6b70,https://image.civitai.com/xG1nkqKTMzGDvpLrqFT7WA/d73f11b3-a46c-450f-aa05-d95c7e3c6b70/original=true,3060
Prompt 未在卡片中提供（详情页: https://civitai.com/images/101754593),ee6c8b97-8106-429d-ab6a-e939f00e1444,https://image.civitai.com/xG1nkqKTMzGDvpLrqFT7WA/ee6c8b97-8106-429d-ab6a-e939f00e1444/original=true,3060
Prompt 未在卡片中提供（详情页: https://civitai.com/images/102020288),0b8e6383-6da9-4d21-935d-4fb24f1c85a6,https://image.civitai.com/xG1nkqKTMzGDvpLrqFT7WA/0b8e6383-6da9-4d21-935d-4fb24f1c85a6/original=true,3060
Prompt 未在卡片中提供（详情页: https://civitai.com/images/101560656),cd4448cd-aa72-44bf-a4fd-fbd8de0213c6,https://image.civitai.com/xG1nkqKTMzGDvpLrqFT7WA/cd4448cd-aa72-44bf-a4fd-fbd8de0213c6/original=true,3060
Prompt 未在卡片中提供（详情页: https://civitai.com/images/100815002),b476fdd8-8d07-4cc6-8feb-0cbfcfc7bfc2,https://image.civitai.com/xG1nkqKTMzGDvpLrqFT7WA/b476fdd8-8d07-4cc6-8feb-0cbfcfc7bfc2/original=true,3060
Prompt 未在卡片中提供（详情页: https://civitai.com/images/101754571),b8dbd89e-d2a4-4c12-997d-520e880444a6,https://image.civitai.com/xG1nkqKTMzGDvpLrqFT7WA/b8dbd89e-d2a4-4c12-997d-520e880444a6/original=true,3060
Prompt 未在卡片中提供（详情页: https://civitai.com/images/103808080),14bf823c-24f7-4c4e-9d5a-abe529a098c4,https://image.civitai.com/xG1nkqKTMzGDvpLrqFT7WA/14bf823c-24f7-4c4e-9d5a-abe529a098c4/original=true,3060
Prompt 未在卡片中提供（详情页: https://civitai.com/images/102020308),db9eacdc-c56f-4281-9b36-6a799122e264,https://image.civitai.com/xG1nkqKTMzGDvpLrqFT7WA/db9eacdc-c56f-4281-9b36-6a799122e264/original=true,3060
Prompt 未在卡片中提供（详情页: https://civitai.com/images/100620705),7ba3b2e0-172d-4922-8f43-182322862938,https://image.civitai.com/xG1nkqKTMzGDvpLrqFT7WA/7ba3b2e0-172d-4922-8f43-182322862938/original=true,3060
Prompt 未在卡片中提供（详情页: https://civitai.com/images/99835348),916e1945-7b35-4b20-8fd6-32750eb0068b,https://image.civitai.com/xG1nkqKTMzGDvpLrqFT7WA/916e1945-7b35-4b20-8fd6-32750eb0068b/original=true,3060
Prompt 未在卡片中提供（详情页: https://civitai.com/images/103808092),686cd072-7777-4107-b3bb-e271969cffea,https://image.civitai.com/xG1nkqKTMzGDvpLrqFT7WA/686cd072-7777-4107-b3bb-e271969cffea/original=true,3060
Prompt 未在卡片中提供（详情页: https://civitai.com/images/99834613),b9dff956-ce21-4081-bf4b-19c0dec4b77e,https://image.civitai.com/xG1nkqKTMzGDvpLrqFT7WA/b9dff956-ce21-4081-bf4b-19c0dec4b77e/original=true,3060
Prompt 未在卡片中提供（详情页: https://civitai.com/images/102389378),67511ef1-2578-4497-9408-bde421d89bf6,https://image.civitai.com/xG1nkqKTMzGDvpLrqFT7WA/67511ef1-2578-4497-9408-bde421d89bf6/original=true,3060
Prompt 未在卡片中提供（详情页: https://civitai.com/images/102389370),d0892cbc-958a-4ba4-8037-1097f183c146,https://image.civitai.com/xG1nkqKTMzGDvpLrqFT7WA/d0892cbc-958a-4ba4-8037-1097f183c146/original=true,3060
Prompt 未在卡片中提供（详情页: https://civitai.com/images/100814513),1d3a5abb-d9f5-48a8-839d-9d6f0f8b9271,https://image.civitai.com/xG1nkqKTMzGDvpLrqFT7WA/1d3a5abb-d9f5-48a8-839d-9d6f0f8b9271/original=true,3060
Prompt 未在卡片中提供（详情页: https://civitai.com/images/101183537),53925b66-ff60-4738-9e26-175e328fa307,https://image.civitai.com/xG1nkqKTMzGDvpLrqFT7WA/53925b66-ff60-4738-9e26-175e328fa307/original=true,3060
Prompt 未在卡片中提供（详情页: https://civitai.com/images/103675532),c45c1d7e-4e80-4315-b218-4aabce9d2cdd,https://image.civitai.com/xG1nkqKTMzGDvpLrqFT7WA/c45c1d7e-4e80-4315-b218-4aabce9d2cdd/original=true,3060
Prompt 未在卡片中提供（详情页: https://civitai.com/images/101824612),33efc4f1-2c32-4ff1-8553-6416e240fb8d,https://image.civitai.com/xG1nkqKTMzGDvpLrqFT7WA/33efc4f1-2c32-4ff1-8553-6416e240fb8d/original=true,3060
Prompt 未在卡片中提供（详情页: https://civitai.com/images/101754618),ca7ba6ef-7c42-4670-b466-d45ff02b35b3,https://image.civitai.com/xG1nkqKTMzGDvpLrqFT7WA/ca7ba6ef-7c42-4670-b466-d45ff02b35b3/original=true,3060
Prompt 未在卡片中提供（详情页: https://civitai.com/images/102020228),76c194ec-3a78-4c43-bbd0-3ae64ff87ba2,https://image.civitai.com/xG1nkqKTMzGDvpLrqFT7WA/76c194ec-3a78-4c43-bbd0-3ae64ff87ba2/original=true,3060
Prompt 未在卡片中提供（详情页: https://civitai.com/images/101183201),ceb136ec-9c67-44a2-a85f-dc04ba4a86ac,https://image.civitai.com/xG1nkqKTMzGDvpLrqFT7WA/ceb136ec-9c67-44a2-a85f-dc04ba4a86ac/original=true,3060
Prompt 未在卡片中提供（详情页: https://civitai.com/images/100504636),48a5098b-817f-4bde-b315-3dc4eb4a6e57,https://image.civitai.com/xG1nkqKTMzGDvpLrqFT7WA/48a5098b-817f-4bde-b315-3dc4eb4a6e57/original=true,5211
Prompt 未在卡片中提供（详情页: https://civitai.com/images/102905885),cca85cff-b87e-40fe-a9a0-a9b5be6a923d,https://image.civitai.com/xG1nkqKTMzGDvpLrqFT7WA/cca85cff-b87e-40fe-a9a0-a9b5be6a923d/original=true,5211
Prompt 未在卡片中提供（详情页: https://civitai.com/images/100501191),764c6f70-b44d-4571-9e0e-db47a8c80221,https://image.civitai.com/xG1nkqKTMzGDvpLrqFT7WA/764c6f70-b44d-4571-9e0e-db47a8c80221/original=true,5211
Prompt 未在卡片中提供（详情页: https://civitai.com/images/101929802),30cd00e1-0250-4fe7-8d90-586d0c0071f2,https://image.civitai.com/xG1nkqKTMzGDvpLrqFT7WA/30cd00e1-0250-4fe7-8d90-586d0c0071f2/original=true,172
Prompt 未在卡片中提供（详情页: https://civitai.com/images/102489101),5ac95f1b-30fc-42fc-a258-15ff53651e84,https://image.civitai.com/xG1nkqKTMzGDvpLrqFT7WA/5ac95f1b-30fc-42fc-a258-15ff53651e84/original=true,172
Prompt 未在卡片中提供（详情页: https://civitai.com/images/102137269),6e21ea39-481f-4b5e-9b02-1ace1f687e99,https://image.civitai.com/xG1nkqKTMzGDvpLrqFT7WA/6e21ea39-481f-4b5e-9b02-1ace1f687e99/original=true,172
Prompt 未在卡片中提供（详情页: https://civitai.com/images/102532869),f0bdf6e0-385c-465d-a4cf-2b252ee87de7,https://image.civitai.com/xG1nkqKTMzGDvpLrqFT7WA/f0bdf6e0-385c-465d-a4cf-2b252ee87de7/original=true,172
Prompt 未在卡片中提供（详情页: https://civitai.com/images/101000398),26163046-3df1-4a40-a7e9-5a600031b50a,https://image.civitai.com/xG1nkqKTMzGDvpLrqFT7WA/26163046-3df1-4a40-a7e9-5a600031b50a/original=true,3060
Prompt 未在卡片中提供（详情页: https://civitai.com/images/103486461),06bc76ec-f8ba-40c4-9e1e-0b8e9b9f18be,https://image.civitai.com/xG1nkqKTMzGDvpLrqFT7WA/06bc76ec-f8ba-40c4-9e1e-0b8e9b9f18be/original=true,3060
Prompt 未在卡片中提供（详情页: https://civitai.com/images/101561156),dcbc2efd-1b85-4302-ade7-85234ad31e67,https://image.civitai.com/xG1nkqKTMzGDvpLrqFT7WA/dcbc2efd-1b85-4302-ade7-85234ad31e67/original=true,3060
Prompt 未在卡片中提供（详情页: https://civitai.com/images/102895060),35e814f8-a035-4c94-af3e-35e181e753ec,https://image.civitai.com/xG1nkqKTMzGDvpLrqFT7WA/35e814f8-a035-4c94-af3e-35e181e753ec/original=true,3060
Prompt 未在卡片中提供（详情页: https://civitai.com/images/102895121),2cfbad62-dda2-48d8-9d01-a460b17742a4,https://image.civitai.com/xG1nkqKTMzGDvpLrqFT7WA/2cfbad62-dda2-48d8-9d01-a460b17742a4/original=true,3060
Prompt 未在卡片中提供（详情页: https://civitai.com/images/103675874),0fe74f9c-e29b-4397-8026-d6ade6f4818d,https://image.civitai.com/xG1nkqKTMzGDvpLrqFT7WA/0fe74f9c-e29b-4397-8026-d6ade6f4818d/original=true,3060
Prompt 未在卡片中提供（详情页: https://civitai.com/images/103486546),d572a37d-7292-4516-ba01-23dccb8fef28,https://image.civitai.com/xG1nkqKTMzGDvpLrqFT7WA/d572a37d-7292-4516-ba01-23dccb8fef28/original=true,3060
Prompt 未在卡片中提供（详情页: https://civitai.com/images/100620682),10a32718-088b-4bc5-a597-a5d3fbd934ac,https://image.civitai.com/xG1nkqKTMzGDvpLrqFT7WA/10a32718-088b-4bc5-a597-a5d3fbd934ac/original=true,3060
Prompt 未在卡片中提供（详情页: https://civitai.com/images/100620725),e5f98f56-a597-40e3-899a-313c84b78ed0,https://image.civitai.com/xG1nkqKTMzGDvpLrqFT7WA/e5f98f56-a597-40e3-899a-313c84b78ed0/original=true,3060
Prompt 未在卡片中提供（详情页: https://civitai.com/images/100512449),1e17e3fc-04b0-48e7-a150-6948e4fb6886,https://image.civitai.com/xG1nkqKTMzGDvpLrqFT7WA/1e17e3fc-04b0-48e7-a150-6948e4fb6886/original=true,3915
Prompt 未在卡片中提供（详情页: https://civitai.com/images/100671922),5cd20079-9e64-44bb-aaff-8301db071267,https://image.civitai.com/xG1nkqKTMzGDvpLrqFT7WA/5cd20079-9e64-44bb-aaff-8301db071267/original=true,3915
Prompt 未在卡片中提供（详情页: https://civitai.com/images/104406486),61cc64f0-3042-495b-953d-7e7f5635b92b,https://image.civitai.com/xG1nkqKTMzGDvpLrqFT7WA/61cc64f0-3042-495b-953d-7e7f5635b92b/original=true,3915
Prompt 未在卡片中提供（详情页: https://civitai.com/images/99342724),c542ebca-4c60-461f-9016-0839355f4245,https://image.civitai.com/xG1nkqKTMzGDvpLrqFT7WA/c542ebca-4c60-461f-9016-0839355f4245/original=true,3915
Prompt 未在卡片中提供（详情页: https://civitai.com/images/2710014),a84991c3-5ea1-4f9c-8eb9-2a4ae204ba10,https://image.civitai.com/xG1nkqKTMzGDvpLrqFT7WA/a84991c3-5ea1-4f9c-8eb9-2a4ae204ba10/original=true,3915
Prompt 未在卡片中提供（详情页: https://civitai.com/images/104259670),772c08c2-099d-46ef-a7cf-dfb756fd3c19,https://image.civitai.com/xG1nkqKTMzGDvpLrqFT7WA/772c08c2-099d-46ef-a7cf-dfb756fd3c19/original=true,3915
Prompt 未在卡片中提供（详情页: https://civitai.com/images/101507300),3593e552-8fbd-4eba-bcf4-faeb9207b907,https://image.civitai.com/xG1nkqKTMzGDvpLrqFT7WA/3593e552-8fbd-4eba-bcf4-faeb9207b907/original=true,3915
Prompt 未在卡片中提供（详情页: https://civitai.com/images/104629757),2e47309b-6eed-402a-9d03-5159ec456294,https://image.civitai.com/xG1nkqKTMzGDvpLrqFT7WA/2e47309b-6eed-402a-9d03-5159ec456294/original=true,3915
Prompt 未在卡片中提供（详情页: https://civitai.com/images/104360054),d0cf78e9-3916-44cd-85f5-601c6770f28a,https://image.civitai.com/xG1nkqKTMzGDvpLrqFT7WA/d0cf78e9-3916-44cd-85f5-601c6770f28a/original=true,3915
Prompt 未在卡片中提供（详情页: https://civitai.com/images/100802902),b5c5028d-a632-4fd3-a18d-9d2d9213d973,https://image.civitai.com/xG1nkqKTMzGDvpLrqFT7WA/b5c5028d-a632-4fd3-a18d-9d2d9213d973/original=true,3915
Prompt 未在卡片中提供（详情页: https://civitai.com/images/103193164),c5176c3c-f12c-4bbb-8106-a3ad340cfcfd,https://image.civitai.com/xG1nkqKTMzGDvpLrqFT7WA/c5176c3c-f12c-4bbb-8106-a3ad340cfcfd/original=true,3915
Prompt 未在卡片中提供（详情页: https://civitai.com/images/104088227),acb43990-2bc2-46bd-90f0-f89fe1387f62,https://image.civitai.com/xG1nkqKTMzGDvpLrqFT7WA/acb43990-2bc2-46bd-90f0-f89fe1387f62/original=true,3915
Prompt 未在卡片中提供（详情页: https://civitai.com/images/103421839),176ccbdf-af79-4176-bd5f-f4b64b4137a4,https://image.civitai.com/xG1nkqKTMzGDvpLrqFT7WA/176ccbdf-af79-4176-bd5f-f4b64b4137a4/original=true,3915
Prompt 未在卡片中提供（详情页: https://civitai.com/images/102031114),8a27eb06-a132-4719-8ff5-3c9fc664c638,https://image.civitai.com/xG1nkqKTMzGDvpLrqFT7WA/8a27eb06-a132-4719-8ff5-3c9fc664c638/original=true,3915
Prompt 未在卡片中提供（详情页: https://civitai.com/images/102193067),5c1ce55e-553d-45a4-b804-52587257c7f3,https://image.civitai.com/xG1nkqKTMzGDvpLrqFT7WA/5c1ce55e-553d-45a4-b804-52587257c7f3/original=true,3915
Prompt 未在卡片中提供（详情页: https://civitai.com/images/101578352),bb142026-a8b5-4e08-8057-ac35ed493964,https://image.civitai.com/xG1nkqKTMzGDvpLrqFT7WA/bb142026-a8b5-4e08-8057-ac35ed493964/original=true,3915
Prompt 未在卡片中提供（详情页: https://civitai.com/images/100742864),894535c9-7c80-496e-8b29-5472905b1cde,https://image.civitai.com/xG1nkqKTMzGDvpLrqFT7WA/894535c9-7c80-496e-8b29-5472905b1cde/original=true,3915
Prompt 未在卡片中提供（详情页: https://civitai.com/images/100741143),3c332180-7444-47db-b9cf-694849c246be,https://image.civitai.com/xG1nkqKTMzGDvpLrqFT7WA/3c332180-7444-47db-b9cf-694849c246be/original=true,3915
Prompt 未在卡片中提供（详情页: https://civitai.com/images/101967666),432cf3be-8741-464f-aa4e-aad3569132a3,https://image.civitai.com/xG1nkqKTMzGDvpLrqFT7WA/432cf3be-8741-464f-aa4e-aad3569132a3/original=true,3915
Prompt 未在卡片中提供（详情页: https://civitai.com/images/101240289),ca3897a6-d728-4c51-989a-e717a4dbf7ff,https://image.civitai.com/xG1nkqKTMzGDvpLrqFT7WA/ca3897a6-d728-4c51-989a-e717a4dbf7ff/original=true,3915
Prompt 未在卡片中提供（详情页: https://civitai.com/images/101824005),da5cf18c-ead1-4443-9ebb-123fa22dc9b5,https://image.civitai.com/xG1nkqKTMzGDvpLrqFT7WA/da5cf18c-ead1-4443-9ebb-123fa22dc9b5/original=true,3915
Prompt 未在卡片中提供（详情页: https://civitai.com/images/101603690),747d0435-7792-4084-a755-51897bdf8652,https://image.civitai.com/xG1nkqKTMzGDvpLrqFT7WA/747d0435-7792-4084-a755-51897bdf8652/original=true,3915
Prompt 未在卡片中提供（详情页: https://civitai.com/images/103879947),684bf2ff-6c13-4fb8-bbb6-264b13cb28d6,https://image.civitai.com/xG1nkqKTMzGDvpLrqFT7WA/684bf2ff-6c13-4fb8-bbb6-264b13cb28d6/original=true,3915
Prompt 未在卡片中提供（详情页: https://civitai.com/images/103525129),03cb8a6e-74f9-449b-9fb3-9f93f6dcd112,https://image.civitai.com/xG1nkqKTMzGDvpLrqFT7WA/03cb8a6e-74f9-449b-9fb3-9f93f6dcd112/original=true,3915
Prompt 未在卡片中提供（详情页: https://civitai.com/images/103449775),6cd89ce5-2630-4c66-b3d9-ce49c9237c5f,https://image.civitai.com/xG1nkqKTMzGDvpLrqFT7WA/6cd89ce5-2630-4c66-b3d9-ce49c9237c5f/original=true,3915
Prompt 未在卡片中提供（详情页: https://civitai.com/images/82449731),584da6cc-b4c8-427c-9289-834523ff8450,https://image.civitai.com/xG1nkqKTMzGDvpLrqFT7WA/584da6cc-b4c8-427c-9289-834523ff8450/original=true,3915
Prompt 未在卡片中提供（详情页: https://civitai.com/images/104509602),46e90f78-c19d-4a15-8c52-d3d346309fa1,https://image.civitai.com/xG1nkqKTMzGDvpLrqFT7WA/46e90f78-c19d-4a15-8c52-d3d346309fa1/original=true,3915
Prompt 未在卡片中提供（详情页: https://civitai.com/images/101813960),09cc50ca-8de6-4a2d-9111-c572f143c9ad,https://image.civitai.com/xG1nkqKTMzGDvpLrqFT7WA/09cc50ca-8de6-4a2d-9111-c572f143c9ad/original=true,3915
Prompt 未在卡片中提供（详情页: https://civitai.com/images/103402358),d2063875-f290-41fc-9346-3a324f8375a0,https://image.civitai.com/xG1nkqKTMzGDvpLrqFT7WA/d2063875-f290-41fc-9346-3a324f8375a0/original=true,3915
Prompt 未在卡片中提供（详情页: https://civitai.com/images/100468415),92135456-fcd0-4cda-a8ec-f99aa18d7e4d,https://image.civitai.com/xG1nkqKTMzGDvpLrqFT7WA/92135456-fcd0-4cda-a8ec-f99aa18d7e4d/original=true,3915
Prompt 未在卡片中提供（详情页: https://civitai.com/images/101730907),ace974c6-14e9-4558-9bbc-886204bff7ff,https://image.civitai.com/xG1nkqKTMzGDvpLrqFT7WA/ace974c6-14e9-4558-9bbc-886204bff7ff/original=true,3915
Prompt 未在卡片中提供（详情页: https://civitai.com/images/104496138),9f8e257c-b125-4352-bb7f-47bab87a3503,https://image.civitai.com/xG1nkqKTMzGDvpLrqFT7WA/9f8e257c-b125-4352-bb7f-47bab87a3503/original=true,3915
Prompt 未在卡片中提供（详情页: https://civitai.com/images/100113089),184a44f6-2bd9-44e4-8966-8a9e855fab7e,https://image.civitai.com/xG1nkqKTMzGDvpLrqFT7WA/184a44f6-2bd9-44e4-8966-8a9e855fab7e/original=true,3915
Prompt 未在卡片中提供（详情页: https://civitai.com/images/100545959),3d6d2fe1-1394-4889-a7be-fa746c7c95ab,https://image.civitai.com/xG1nkqKTMzGDvpLrqFT7WA/3d6d2fe1-1394-4889-a7be-fa746c7c95ab/original=true,3915
Prompt 未在卡片中提供（详情页: https://civitai.com/images/103495081),005fef4e-0176-45d6-89bd-4fc949c4c63e,https://image.civitai.com/xG1nkqKTMzGDvpLrqFT7WA/005fef4e-0176-45d6-89bd-4fc949c4c63e/original=true,5211
Prompt 未在卡片中提供（详情页: https://civitai.com/images/101001540),defcf667-a46e-48fc-a283-9513cc6e7b95,https://image.civitai.com/xG1nkqKTMzGDvpLrqFT7WA/defcf667-a46e-48fc-a283-9513cc6e7b95/original=true,5211
Prompt 未在卡片中提供（详情页: https://civitai.com/images/100813807),8e940e8f-d0b9-4338-9bb4-9595fee7eedd,https://image.civitai.com/xG1nkqKTMzGDvpLrqFT7WA/8e940e8f-d0b9-4338-9bb4-9595fee7eedd/original=true,5211
Prompt 未在卡片中提供（详情页: https://civitai.com/images/101644464),d5e96f57-9817-40bd-b887-82678778e05b,https://image.civitai.com/xG1nkqKTMzGDvpLrqFT7WA/d5e96f57-9817-40bd-b887-82678778e05b/original=true,5211
Prompt 未在卡片中提供（详情页: https://civitai.com/images/102048853),153ae3a6-df0f-4b39-91c7-e8d005931c6e,https://image.civitai.com/xG1nkqKTMzGDvpLrqFT7WA/153ae3a6-df0f-4b39-91c7-e8d005931c6e/original=true,5211
Prompt 未在卡片中提供（详情页: https://civitai.com/images/101007070),1df60299-d2f7-4c77-bc07-33eba6bf6f88,https://image.civitai.com/xG1nkqKTMzGDvpLrqFT7WA/1df60299-d2f7-4c77-bc07-33eba6bf6f88/original=true,172
Prompt 未在卡片中提供（详情页: https://civitai.com/images/100849061),b279d263-2072-4003-ab18-9124ea57d07d,https://image.civitai.com/xG1nkqKTMzGDvpLrqFT7WA/b279d263-2072-4003-ab18-9124ea57d07d/original=true,172
Prompt 未在卡片中提供（详情页: https://civitai.com/images/100056574),2dcf19ca-5621-47eb-a23c-622e44e5b6e3,https://image.civitai.com/xG1nkqKTMzGDvpLrqFT7WA/2dcf19ca-5621-47eb-a23c-622e44e5b6e3/original=true,172
Prompt 未在卡片中提供（详情页: https://civitai.com/images/102309452),14d7136c-ef60-4647-ba34-0faa5ca507a2,https://image.civitai.com/xG1nkqKTMzGDvpLrqFT7WA/14d7136c-ef60-4647-ba34-0faa5ca507a2/original=true,172
Prompt 未在卡片中提供（详情页: https://civitai.com/images/101402504),c3d9948b-28ff-4f7a-9361-d414b3428cc2,https://image.civitai.com/xG1nkqKTMzGDvpLrqFT7WA/c3d9948b-28ff-4f7a-9361-d414b3428cc2/original=true,172
Prompt 未在卡片中提供（详情页: https://civitai.com/images/99658134),4319f1ab-c51a-49ec-9ccd-c1f3ef3cbba8,https://image.civitai.com/xG1nkqKTMzGDvpLrqFT7WA/4319f1ab-c51a-49ec-9ccd-c1f3ef3cbba8/original=true,3060
Prompt 未在卡片中提供（详情页: https://civitai.com/images/100814573),ed5ab7fb-acb8-4a6a-95af-7416a1932638,https://image.civitai.com/xG1nkqKTMzGDvpLrqFT7WA/ed5ab7fb-acb8-4a6a-95af-7416a1932638/original=true,3060
Prompt 未在卡片中提供（详情页: https://civitai.com/images/102389022),43ccce29-3471-40ea-b81c-ac7d841dd29f,https://image.civitai.com/xG1nkqKTMzGDvpLrqFT7WA/43ccce29-3471-40ea-b81c-ac7d841dd29f/original=true,3060
Prompt 未在卡片中提供（详情页: https://civitai.com/images/100620363),5c0f887d-2375-49de-916d-03617b6eafae,https://image.civitai.com/xG1nkqKTMzGDvpLrqFT7WA/5c0f887d-2375-49de-916d-03617b6eafae/original=true,3060
Prompt 未在卡片中提供（详情页: https://civitai.com/images/101561152),7dbd0d8b-110b-4891-a7e3-b5fe60ca4517,https://image.civitai.com/xG1nkqKTMzGDvpLrqFT7WA/7dbd0d8b-110b-4891-a7e3-b5fe60ca4517/original=true,3060
Prompt 未在卡片中提供（详情页: https://civitai.com/images/103101319),ef87e048-b208-4b04-aed3-f5ebd666708d,https://image.civitai.com/xG1nkqKTMzGDvpLrqFT7WA/ef87e048-b208-4b04-aed3-f5ebd666708d/original=true,3060
Prompt 未在卡片中提供（详情页: https://civitai.com/images/101561191),412db33f-bfde-4149-8a5c-fc26dc99196f,https://image.civitai.com/xG1nkqKTMzGDvpLrqFT7WA/412db33f-bfde-4149-8a5c-fc26dc99196f/original=true,3060
Prompt 未在卡片中提供（详情页: https://civitai.com/images/101183590),a18b2ce3-3a82-4b9c-8215-195c63adc188,https://image.civitai.com/xG1nkqKTMzGDvpLrqFT7WA/a18b2ce3-3a82-4b9c-8215-195c63adc188/original=true,3060
Prompt 未在卡片中提供（详情页: https://civitai.com/images/101574655),d1e5bbed-ad87-4e50-8985-470d48f5b044,https://image.civitai.com/xG1nkqKTMzGDvpLrqFT7WA/d1e5bbed-ad87-4e50-8985-470d48f5b044/original=true,3060
Prompt 未在卡片中提供（详情页: https://civitai.com/images/103101017),cac9d40b-1060-4741-a2fc-b7ee48dd39fa,https://image.civitai.com/xG1nkqKTMzGDvpLrqFT7WA/cac9d40b-1060-4741-a2fc-b7ee48dd39fa/original=true,3060
Prompt 未在卡片中提供（详情页: https://civitai.com/images/102525390),3db76164-a0ef-4820-ae7a-98cb37b73d28,https://image.civitai.com/xG1nkqKTMzGDvpLrqFT7WA/3db76164-a0ef-4820-ae7a-98cb37b73d28/original=true,213
Prompt 未在卡片中提供（详情页: https://civitai.com/images/102525386),3002636e-0800-4dd7-9feb-d744fa368d4c,https://image.civitai.com/xG1nkqKTMzGDvpLrqFT7WA/3002636e-0800-4dd7-9feb-d744fa368d4c/original=true,213
Prompt 未在卡片中提供（详情页: https://civitai.com/images/102525389),a7bb03ad-c255-4f23-9f4b-62ee74412798,https://image.civitai.com/xG1nkqKTMzGDvpLrqFT7WA/a7bb03ad-c255-4f23-9f4b-62ee74412798/original=true,213
Prompt 未在卡片中提供（详情页: https://civitai.com/images/102525388),03934bec-d913-4957-b2c2-a32a19a2e179,https://image.civitai.com/xG1nkqKTMzGDvpLrqFT7WA/03934bec-d913-4957-b2c2-a32a19a2e179/original=true,213
Prompt 未在卡片中提供（详情页: https://civitai.com/images/102525383),4852db52-4240-43c3-afed-624fc03ed708,https://image.civitai.com/xG1nkqKTMzGDvpLrqFT7WA/4852db52-4240-43c3-afed-624fc03ed708/original=true,213
