图片地址,作者名,年份
https://1x.com/images/user/57001f1d1db6325bee752fb701e30b0c-hd4.jpg,Abin Kumar Mukhopadhyay,2025
https://1x.com/images/user/55be574d0a0bf4c4b4a9855a54c5021e-hd4.jpg,Onofrio Tecchia,
https://1x.com/images/user/d93e0ba79ee70ac1d5ed00d65ef6e97d-hd4.jpg,Ari Kordonsky,1954
https://1x.com/images/user/e167a9dfe7dbdebfbc0da984e3a2733d-hd4.jpg,Kristjan Vuk,
https://1x.com/images/user/21de2d3a6c5a439a478b679bb0d04a3e-hd4.jpg,Alex Tsarfin,
https://1x.com/images/user/ef13c3d19f3a3f6091c5440ea77bdaa5-hd4.jpg,Lukas Kaminski,
https://1x.com/images/user/dfef9b1c239d6248841e545fd6019f1b-hd4.jpg,Yuri Siritsov,
https://1x.com/images/user/c65ab57c0dfe53e325eb1b30ca572031-hd4.jpg,Colin Dixon,
https://1x.com/images/user/62050857ff99720d62a24f2932d5ed5a-hd4.jpg,michel genève,
https://1x.com/images/user/9139a8cbcc481a9088d31bb385ed6a42-hd4.jpg,Yuri Siritsov,
https://1x.com/images/user/89ee3fc0dc6a8dc38ee1614d32348ff9-hd4.jpg,Ari Kordonsky,1954
https://1x.com/images/user/f03c94aaba632ddec85353723cacd3da-hd4.jpg,Jan Slotboom,
https://1x.com/images/user/2770b65f60e6a1c5c6c7f50a3afed280-hd4.jpg,Colin Dixon,
https://1x.com/images/user/3dc0ee076786e171c58c2fdb0cd94d6d-hd4.jpg,Serhii Kovbasyuk,
https://1x.com/images/user/18c86fb586905d4010733f219f157aff-hd4.jpg,Cláudio Vicente,
https://1x.com/images/user/beec5c1d7175ca4d9969923006ab6ed2-hd4.jpg,Taymuraz Gumerov,
https://1x.com/images/user/994ed7a70fe585071764ba277a6ecee9-hd4.jpg,Justin Mortimer,
https://1x.com/images/user/da3b62da3b11fd313038360e1f90d934-hd4.jpg,Andris Apshenieks,
https://1x.com/images/user/8f569b9160bb86df51b2181a07c621f0-hd4.jpg,Bogdan Bouşcă,
https://1x.com/images/user/90065837624ff56a64b2251fbc0ed48d-hd4.jpg,Abin Kumar Mukhopadhyay,2025
https://1x.com/images/user/1423b7f00f31ae2e7f66c2b718b25aca-hd4.jpg,Serhii Kovbasyuk,
https://1x.com/images/user/ed8bda805e31d20a2f44c6b43631756a-hd4.jpg,Yuri Siritsov,
https://1x.com/images/user/0835cabac8bc70065f432a682516efe9-hd4.jpg,Jan Slotboom,
https://1x.com/images/user/28c4ea3efacfd4a14cd3be5face6ad26-hd4.jpg,Abin Kumar Mukhopadhyay,2025
https://1x.com/images/user/140198eb6c1799580402a564a3d90af8-hd4.jpg,Shuki Laufer,
https://1x.com/images/user/552a377fb516896631662f41272f8689-hd4.jpg,Craig Stampfli,
https://1x.com/images/user/237cfc725a935fa6e88b38af06b65666-hd4.jpg,Marcin Sokolowski,
https://1x.com/images/user/386224fca621f5a9130fc87ff5610137-hd4.jpg,Gerrit Janssens,
https://1x.com/images/user/51498e7ff4215d1601af1326048446a6-hd4.jpg,Majo Weber EP,
https://1x.com/images/user/f1eca8f2a3cbaa00bacbe055b4759d40-hd4.jpg,Pintgraph,
https://1x.com/images/user/b5956c8f1197dcf9df951f62fae14720-hd4.jpg,Shuki Laufer,
https://1x.com/images/user/659aaa5f49262f2baf05e22764a06356-hd4.jpg,Onofrio Tecchia,
https://1x.com/images/user/c6fd9db2150cda5a3f9a3110e0ec2f42-hd4.jpg,Colin Dixon,
https://1x.com/images/user/46719368469c0eb9daf9afc50b8a1de8-hd4.jpg,Theo Decker,
https://1x.com/images/user/df29143ef1dcc665a24a8cdf9a33e35c-hd4.jpg,Antonio Bartczak,
https://1x.com/images/user/a323f54cb3a1856c467601e5c21b7342-hd4.jpg,Serhii Kovbasyuk,
https://1x.com/images/user/2ea979638fb1f29c10f288124e4ca69b-hd4.jpg,Taymuraz Gumerov,
https://1x.com/images/user/9fae911eefe11bda93f6ef0ef52df79c-hd4.jpg,PHILIPPE GODFROID,
https://1x.com/images/user/d756f66a185f6344b061024feec7e3d0-hd4.jpg,Alexander Kliuchnyk,
https://1x.com/images/user/a06042a388541a597dc5cc3c135346dd-hd4.jpg,michel genève,
https://1x.com/images/user/517d72954d9fa7408fb463cccd3743fa-hd4.jpg,Onofrio Tecchia,
https://1x.com/images/user/054077e431914a3d5f56459043028b84-hd4.jpg,Abin Kumar Mukhopadhyay,2025
https://1x.com/images/user/d3758cb88840b67c79441fcbe336c5d0-hd4.jpg,Majo Weber EP,
https://1x.com/images/user/10ddc48b6716656e189d4763928f9e8f-hd4.jpg,YASUTOSHI HONJO,
https://1x.com/images/user/acdaaec8bef6386aea381d73618b5d39-hd4.jpg,Andris Apshenieks,
https://1x.com/images/user/f94fcec8512ecda14e7355055b8490c5-hd4.jpg,Davide Barzaghi,
https://1x.com/images/user/6b57543dc15167bf57ed0a6e253973be-hd4.jpg,Bogdan Bouşcă,
https://1x.com/images/user/a989c5ea367951553ad02541b1a0aea4-hd4.jpg,Andris Apshenieks,
https://1x.com/images/user/9e692ce3a1e4abc83bbebe04128f382b-hd4.jpg,Gerrit Janssens,
https://1x.com/images/user/ced24bd93b1a6e719f06ace410fcaf4d-hd4.jpg,Andris Apshenieks,
https://1x.com/images/user/59c3967adb9afa98c6958ac6003d8063-hd4.jpg,Zaom Eighty,
https://1x.com/images/user/1992812ea72387ebfd1735d84f90336f-hd4.jpg,Colin Dixon,
https://1x.com/images/user/92af031cc0a6f31d1d9e184b8fa72273-hd4.jpg,michel genève,
https://1x.com/images/user/d833a6c09a13f2961e7e35a48a11f053-hd4.jpg,Claudio Viarengo,
https://1x.com/images/user/fee3b6319d5adec08b1e7a902b291b22-hd4.jpg,Bogdan Bouşcă,
https://1x.com/images/user/42d5d958ac979c0aeaeda5b347ada786-hd4.jpg,Ugo Grandolini,
https://1x.com/images/user/d882d70ca3c2c5bc9884dbccc0d305aa-hd4.jpg,Serhii Kovbasyuk,
https://1x.com/images/user/d6a4af144f4ce177bdb78b039f2904c0-hd4.jpg,David McCracken,
https://1x.com/images/user/a762529cc232d9ce9d84c893d2efa4dd-hd4.jpg,Majo Weber EP,
https://1x.com/images/user/82a93c13b9623d39f031837205494fa9-hd4.jpg,Kristjan Vuk,
https://1x.com/images/user/7a6e6f176bbb22ce2fd4c3c6bcd3e1a0-hd4.jpg,Ugo Grandolini,
https://1x.com/images/user/d8477835e37add8a15df7284f3c5ef65-hd4.jpg,michel genève,
https://1x.com/images/user/7d312d0840d355961da55f5534a7094b-hd4.jpg,Craig Stampfli,
https://1x.com/images/user/36979b3a10e123473071c5bd385d48b0-hd4.jpg,Elena Molina,
https://1x.com/images/user/747c386dbd04ef84335d5033723063a5-hd4.jpg,Serhii Kovbasyuk,
https://1x.com/images/user/f0adc2f359ff9d63b2e8162f6930adf2-hd4.jpg,Onofrio Tecchia,
https://1x.com/images/user/958f570fc7ad2be8d74e1908254d5f60-hd4.jpg,Jan Slotboom,
https://1x.com/images/user/89aee9c955dbcd962bc29b648d1997d3-hd4.jpg,Dasha_and_Mari,
https://1x.com/images/user/325967063be28b02dcbad2fa8755ce2c-hd4.jpg,Majo Weber EP,
https://1x.com/images/user/71f700e3e5a4e417bbb7b726162487fc-hd4.jpg,Jan Donckers,
https://1x.com/images/user/50760655ef26078ff43ec71db7ac3632-hd4.jpg,Serhii Kovbasyuk,
https://1x.com/images/user/e95c7a759ddb34d470796e5913b8d32b-hd4.jpg,Shuki Laufer,
https://1x.com/images/user/54efb7073df3275483fbfd87841bece7-hd4.jpg,,
https://1x.com/images/user/df7ebf71a5cc668ca584bbcd01d6d8d8-hd4.jpg,Theo Decker,
https://1x.com/images/user/06e6efed78c8a73c1ab9f4790cf2238d-hd4.jpg,Ruben Bellanger,
https://1x.com/images/user/ec97d64d8de46bdcb2253d3bf318b636-hd4.jpg,Claudio Viarengo,
https://1x.com/images/user/7e762cf1e2b446d96b4365a0ac31a601-hd4.jpg,PHILIPPE GODFROID,
https://1x.com/images/user/65c48863d898938837a01ec2dec94b46-hd4.jpg,Onofrio Tecchia,
https://1x.com/images/user/6f63adc3473991fc607f7b238b45c79a-hd4.jpg,Majo Weber EP,
https://1x.com/images/user/29c8f9d7773eed78bf4f7414c220350e-hd4.jpg,Andris Apshenieks,
https://1x.com/images/user/8da43716c298e417186d3e699eb8b0de-hd4.jpg,Jie Fischer,
https://1x.com/images/user/9ffa520af9ae7e8b77353d19e7bcb85f-hd4.jpg,koisjiri,
https://1x.com/images/user/ed9455ec10a0ab88cb5a2c81f57dcfae-hd4.jpg,Pintgraph,
https://1x.com/images/user/f490ad7fea695a74aadc2761fdc8438e-hd4.jpg,David McCracken,
https://1x.com/images/user/9d0ad20f7689f1c55ce22365871e81f6-hd4.jpg,Shuki Laufer,
https://1x.com/images/user/7bcee384cf86269695fdec79ccbe0d2c-hd4.jpg,daniel demunter,
https://1x.com/images/user/30fd7d6578bcddd784e28b590613c4c3-hd4.jpg,Lukas Kaminski,
https://1x.com/images/user/12a199948da3cf974b742d7346299bd6-hd4.jpg,Yuri Siritsov,
https://1x.com/images/user/6ff1f1d038a4e7ed4b93c7a107b954af-hd4.jpg,Claudio Viarengo,
https://1x.com/images/user/cb206ec5b103673f0b70a72b893f6ea8-hd4.jpg,Ruben Bellanger,
https://1x.com/images/user/8007d57b8b8c27f2e196839b27e1ff85-hd4.jpg,Serhii Kovbasyuk,
https://1x.com/images/user/09521b0bc358f094700bec899bea2111-hd4.jpg,Onofrio Tecchia,
https://1x.com/images/user/7bcafe34653b3997c40aaa713c9206cd-hd4.jpg,daniel demunter,
https://1x.com/images/user/7104366b08071b8eaf40940d1c25120f-hd4.jpg,Alex Tsarfin,
https://1x.com/images/user/8fae5cd599e554eefcc4af265d6c7b70-hd4.jpg,Yuri Siritsov,
https://1x.com/images/user/2e0a6bf8a90a8ceaa0ce749954f6ed2c-hd4.jpg,Lukas Kaminski,
https://1x.com/images/user/6877574a6b53558544e5ee557fb6fc8f-hd4.jpg,Shuki Laufer,
https://1x.com/images/user/583db4f52f096d978756cf4162bc9692-hd4.jpg,Leszek Paradowski,
https://1x.com/images/user/ab4f2849f4792f73ae2a9e20683435cd-hd4.jpg,Majo Weber EP,
https://1x.com/images/user/cab421d5da2eee6b3b46ce4ece94c911-hd4.jpg,Claudio Viarengo,
https://1x.com/images/user/8351ef00767624752b3a6188073a6da0-hd4.jpg,Claudio Viarengo,
https://1x.com/images/user/301515da04f4f358031fbe993cd942a9-hd4.jpg,Serhii Kovbasyuk,
https://1x.com/images/user/8e147ce8e87e3db638c639e84b3bfdad-hd4.jpg,Leszek Paradowski,
https://1x.com/images/user/903fc8b043605fea07bbc2ca972c8174-hd4.jpg,Makoto/S,
https://1x.com/images/user/91c3ee1a6e59d75fbae454d452d46568-hd4.jpg,Ruben Bellanger,
https://1x.com/images/user/a8450a65a145350fe6d33da45c8775cf-hd4.jpg,Lukas Kaminski,
https://1x.com/images/user/1e70cefb07b040c0e7c5f64484cd7ff3-hd4.jpg,Shuki Laufer,
https://1x.com/images/user/1f2e013b2bd42b0b2fbe91df57951665-hd4.jpg,Serhii Kovbasyuk,
https://1x.com/images/user/bdd4b47145c2fb99450fa8423c85f06f-hd4.jpg,daniel demunter,
https://1x.com/images/user/a9649f4a1c9444e317c10c16d2b308a5-hd4.jpg,Ugo Grandolini,
https://1x.com/images/user/11e3d90abfeca839408c995aff8b09b5-hd4.jpg,David McCracken,
https://1x.com/images/user/ae66889e3604eade6b722b056a11c2ff-hd4.jpg,Majo Weber EP,
https://1x.com/images/user/8025125f01f9232e6dbebdc352cb0707-hd4.jpg,michel genève,
https://1x.com/images/user/7971112ed380d6117af2f3f7348adb2d-hd4.jpg,Makoto/S,
https://1x.com/images/user/8af08ac8241d707b942b0db5781b9b43-hd4.jpg,Shuki Laufer,
https://1x.com/images/user/45e7431a06803634c106ecdb1203a1e4-hd4.jpg,Serhii Kovbasyuk,
https://1x.com/images/user/cf68c3995764910b3974585ac148a2ee-hd4.jpg,daniel demunter,
https://1x.com/images/user/d361c59afabce2a390e8c16fe039b024-hd4.jpg,Antonio Bartczak,
https://1x.com/images/user/1ee4dc87f38c172f7629364caaf35e66-hd4.jpg,Claudio Viarengo,
https://1x.com/images/user/03c8861ec1cc6c2a121172122c4b7c69-hd4.jpg,Andris Apshenieks,
https://1x.com/images/user/7290c415451d40664959c386038c3c17-hd4.jpg,Hiroshi syashinkan,
https://1x.com/images/user/7186e15fc7beeb40ce9613118995844a-hd4.jpg,PHILIPPE GODFROID,
https://1x.com/images/user/80ef0b1c1ca61142cc0effd779e2c4a3-hd4.jpg,michel genève,
https://1x.com/images/user/816a4a769e11fdb428de008b2f99935c-hd4.jpg,Majo Weber EP,
https://1x.com/images/user/410c4e780efe606985a285f84461f432-hd4.jpg,Guenther Koci  purephoto.at,
https://1x.com/images/user/59992a54c2426fc58c2c32809687f064-hd4.jpg,Colin Dixon,
https://1x.com/images/user/ad305cb0d4fd0b3acda71c84d0e5f311-hd4.jpg,Claudio Viarengo,
https://1x.com/images/user/0e65916443761e6dc843248d2dfcfce8-hd4.jpg,Shuki Laufer,
https://1x.com/images/user/720a7536fdc837cb3655c2921cc3093d-hd4.jpg,Onofrio Tecchia,
https://1x.com/images/user/2bac3ef5e8b36a2e0b5310a81af7791b-hd4.jpg,daniel demunter,
https://1x.com/images/user/6ed5b522f780c63ed875b44d307b91a2-hd4.jpg,Andris Apshenieks,
https://1x.com/images/user/e5f07e618c66fadc7eda1aebe5b53d1d-hd4.jpg,Lukas Kaminski,
https://1x.com/images/user/b81b645e2037e350b4f4cf6ee7b4942f-hd4.jpg,Serhii Kovbasyuk,
https://1x.com/images/user/062dfb62ae4d4d64300a1a9a09ff575a-hd4.jpg,Onofrio Tecchia,
https://1x.com/images/user/9c57eb3ee9ce88e47fa044e5759df591-hd4.jpg,John T Kelly,0709
https://1x.com/images/user/f7f8c3158d4e903c53930aea4c46dcea-hd4.jpg,Jan Slotboom,
https://1x.com/images/user/e4abc108268e11c1f572b8f0072f4001-hd4.jpg,Majo Weber EP,
https://1x.com/images/user/4bcbc27754ddcb323d2ba200596d124d-hd4.jpg,Rostovskiy Anton,
https://1x.com/images/user/b3c0db21b911e466fe8998875496aaa9-hd4.jpg,Leonardo Bandinelli,
https://1x.com/images/user/88445e29158a0d7dc3d13d6b8c77824a-hd4.jpg,Alex Tsarfin,
https://1x.com/images/user/a0afe8b651d404841fe7eb4e6044067a-hd4.jpg,Ray Fritz,
https://1x.com/images/user/e23e95b5fab34e136f23dde49c12c374-hd4.jpg,Guenther Koci  purephoto.at,
https://1x.com/images/user/383c011fbed4a17fbe798fbc01c27e1d-hd4.jpg,Fabrizio Micheli,
https://1x.com/images/user/cf50025b5dfd1d5ad5c7a4c87e92ece3-hd4.jpg,Serhii Kovbasyuk,
https://1x.com/images/user/ded4f460f8357646eae3eced61b42026-hd4.jpg,David McCracken,
https://1x.com/images/user/4ff94f699cc75e727a3940c1f8530f66-hd4.jpg,Shuki Laufer,
https://1x.com/images/user/169bb11bda47838d089924fdf4c273e1-hd4.jpg,Albert Lim,
https://1x.com/images/user/cb9cd9441e2f6ba2ad6b88a5e471e275-hd4.jpg,Bogdan Bouşcă,
https://1x.com/images/user/e882deaa40a30b3f9cfdf1a2ab6d6862-hd4.jpg,Ruth Franke,
https://1x.com/images/user/0663b603b00cf217d15e94b1f6754a35-hd4.jpg,Majo Weber EP,
https://1x.com/images/user/e6191f86f9de4ea3fcc54655a17a621b-hd4.jpg,Fabrizio Micheli,
https://1x.com/images/user/3bc4daeda7e1779c1c3761c4739a5d60-hd4.jpg,Guenther Koci  purephoto.at,
https://1x.com/images/user/6863cb6b7ca253d35f035bbd7e72853d-hd4.jpg,michel juvet,
https://1x.com/images/user/87bc9183fd8892e5050e4addda51d504-hd4.jpg,Jan Donckers,
https://1x.com/images/user/7a06e9dd5be2c74bfabe1b989f88000e-hd4.jpg,Lukas Kaminski,
https://1x.com/images/user/b5ce8f6e84779005e85ca840a7356a34-hd4.jpg,Serhii Kovbasyuk,
https://1x.com/images/user/c1edc4b83782e7e94d260903c852c6f0-hd4.jpg,daniel demunter,
https://1x.com/images/user/3f5cf0b08b23ab65543daa098a3d0fbd-hd4.jpg,Majo Weber EP,
https://1x.com/images/user/e84a98a7480ae64339c6cb1c8fc549af-hd4.jpg,Claudio Viarengo,
https://1x.com/images/user/37d83df621242b2a3133e2ffde1693ac-hd4.jpg,Ruben Bellanger,
https://1x.com/images/user/251b6cfe84413083f4cce6db6fb235cc-hd4.jpg,Bogdan Bouşcă,
https://1x.com/images/user/24e62e30608caa00aaa0ceec8a7126cb-hd4.jpg,Claudio Viarengo,
https://1x.com/images/user/b91a6bb18d14bf2a20b567a5f148daed-hd4.jpg,michel genève,
https://1x.com/images/user/74da5367697a7710cf5ad8c3cdc581b6-hd4.jpg,Majo Weber EP,
https://1x.com/images/user/08e745a7c66a45bbac4a1b159118cd2a-hd4.jpg,David McCracken,
https://1x.com/images/user/b22c0b4edfb85bf30b3b669c66b3a851-hd4.jpg,Marcin Sokolowski,
https://1x.com/images/user/578dacb52b7a88b27015a242c5168fca-hd4.jpg,HoangPhucNahp,
https://1x.com/images/user/7ec775f38a0fc3fdf2c5322554b89116-hd4.jpg,Andris Apshenieks,
https://1x.com/images/user/7d81c513b31fe04fe5df86c4af3a52c1-hd4.jpg,Federico Righi,
https://1x.com/images/user/499f3627517730e4128e69ff01f1c628-hd4.jpg,Jack Ou,
https://1x.com/images/user/7dad20c422186ebfaeb5a0da180c5baf-hd4.jpg,Claudio Viarengo,
https://1x.com/images/user/a842272dca021c659c73bd4370775d72-hd4.jpg,michel genève,
https://1x.com/images/user/67ded924d9f5b4d7b8498e557318c462-hd4.jpg,Leszek Paradowski,
https://1x.com/images/user/0fad37ba46f576de396612f9655d2388-hd4.jpg,daniel demunter,
https://1x.com/images/user/a920f5472262f4361b5cb9cec153f939-hd4.jpg,Ruth Franke,
https://1x.com/images/user/5416684f9d3a5c9975656338cd2bc51f-hd4.jpg,Lukas Kaminski,
https://1x.com/images/user/07fda78186bdba76ac99ec14b4dfe894-hd4.jpg,Jan Slotboom,
https://1x.com/images/user/f3a2725112c88ca92090d926d66f3970-hd4.jpg,Alex Tsarfin,
https://1x.com/images/user/141cd6c3d4a228b17785f40f1960a37b-hd4.jpg,Andris Apshenieks,
https://1x.com/images/user/0b7f25d8bcc43b7053e529039dfff927-hd4.jpg,Yoram GIL,1478
https://1x.com/images/user/137a3123a801264f7f13d43d10bfeda1-hd4.jpg,Serhii Kovbasyuk,
https://1x.com/images/user/adc03f6fd9284c6d55e3928f30e04532-hd4.jpg,Leszek Paradowski,
https://1x.com/images/user/7ee5302981bc34ef7b7adeb7f24e29a9-hd4.jpg,Ruth Franke,
https://1x.com/images/user/5bfaa25158b44be662f4b348395d7966-hd4.jpg,Albert Lim,
https://1x.com/images/user/eb227a6b414c5755ab799442a245a01f-hd4.jpg,Ruben Bellanger,
https://1x.com/images/user/5a84553a1d2e4035bc5d2a9faa88c6c4-hd4.jpg,Kristjan Vuk,
https://1x.com/images/user/643cfc19a7049887ffb7583219451ff5-hd4.jpg,Claudio Viarengo,
https://1x.com/images/user/591c16739876e600d3427934036d5149-hd4.jpg,Fabrizio Micheli,
https://1x.com/images/user/f0d6a36dd02c267da14304a51fc79eaf-hd4.jpg,Ari Kordonsky,1954
https://1x.com/images/user/c9ee58bb5aa7dc49acff46e0bf7dd360-hd4.jpg,Antonio Bartczak,
https://1x.com/images/user/5b8f30bec77fd65ff61c4c37be389748-hd4.jpg,My Muse Photography,
https://1x.com/images/user/9cee0be1e67de720274017fdbf2a2f9c-hd4.jpg,Ruben Bellanger,
https://1x.com/images/user/c4f8668236f4f3d0f0a27d0d3d2672d0-hd4.jpg,Alex Tsarfin,
https://1x.com/images/user/5d01fdcb72d99ca31629e2b4cc993bea-hd4.jpg,Ruth Franke,
https://1x.com/images/user/772aa12a73237c315923267f4abfc763-hd4.jpg,Bogdan Bouşcă,
https://1x.com/images/user/a4020a2454c719d615875b3bad8ccea2-hd4.jpg,Jack Ou,
https://1x.com/images/user/e0bbfdcc6429b2bcd2f6040e407e101e-hd4.jpg,Serhii Kovbasyuk,
https://1x.com/images/user/2cd00b62b56a98650cb939a814eb1d14-hd4.jpg,Leszek Paradowski,
https://1x.com/images/user/1adb068a43c591049a6f94edb41c0fd2-hd4.jpg,Ruben Bellanger,
https://1x.com/images/user/c9b768319b4e932b2d358d3cbcee3f56-hd4.jpg,Lukas Kaminski,
https://1x.com/images/user/bb0ddff1d8adf5c5b25498fbcfc5e800-hd4.jpg,David McCracken,
https://1x.com/images/user/892b7c23697b9d421618ea0a41ff05f1-hd4.jpg,Serhii Kovbasyuk,
https://1x.com/images/user/df955f1f8a1fbe95b51eefd66cc8b6b1-hd4.jpg,Angéla Vicedomini,
https://1x.com/images/user/9f81d4bbfee1ac4cc9b79b4375cf85e7-hd4.jpg,Ovi D. Pop,
https://1x.com/images/user/05e8219862e378cc8e4fd92f012b7d76-hd4.jpg,Fabrizio Micheli,
https://1x.com/images/user/9b5b761ad13b442e9417e9f033e6edb3-hd4.jpg,PHILIPPE GODFROID,
https://1x.com/images/user/a8a8a07e4de93ba6704cfd10a036b7fe-hd4.jpg,Pascal Meerpoel,
https://1x.com/images/user/8d9a8061835416bb62eb4ef0e9333d13-hd4.jpg,Serhii Kovbasyuk,
https://1x.com/images/user/88148418b03b0eb41af78c454b1798b2-hd4.jpg,Onofrio Tecchia,
https://1x.com/images/user/697f2cc419781933806765369ef7094e-hd4.jpg,daniel demunter,
https://1x.com/images/user/23583eaaba4fcce7ba71f73a6a3160e0-hd4.jpg,Lukas Kaminski,
https://1x.com/images/user/7eea7c2337161420b1ac27f992a9b7dd-hd4.jpg,Majo Weber EP,
https://1x.com/images/user/1c58e7c5cd2ddfdb931f1778acf9a302-hd4.jpg,Ruben Bellanger,
https://1x.com/images/user/9483d01d6dcc16ac368ec152e84fd928-hd4.jpg,Craig Stampfli,
https://1x.com/images/user/bd8807e58d0bd49d6746951bde805cd4-hd4.jpg,Eyal Alcalay,
https://1x.com/images/user/7b0ad5729e44352d7b94c218c4bd9380-hd4.jpg,Shuki Laufer,
https://1x.com/images/user/40a5549f91d4505e5b732a5069155de1-hd4.jpg,Fabrizio Micheli,
https://1x.com/images/user/a3f39c1ded30f19ea45a5f729d3ed860-hd4.jpg,Ruben Bellanger,
https://1x.com/images/user/09e9625c27ff35733b328d9cfc660c4b-hd4.jpg,Serhii Kovbasyuk,
https://1x.com/images/user/f7eb2192794146f48427f2b9006207f9-hd4.jpg,Ruth Franke,
https://1x.com/images/user/3cff1ee3ef179bbdd9e366780c9135c8-hd4.jpg,Angéla Vicedomini,
https://1x.com/images/user/223ba77784f1473698b1dc3e2e848925-hd4.jpg,David McCracken,
https://1x.com/images/user/2674a2a329aa8e4a1f0dd0814e9d9a1f-hd4.jpg,Colin Dixon,
https://1x.com/images/user/bb196badf144b1e0509b6946947add8f-hd4.jpg,Alex Tsarfin,
https://1x.com/images/user/4226f12e751cb2194740fbe8a3bdb241-hd4.jpg,YASUTOSHI HONJO,
https://1x.com/images/user/1649487a71af7cb0926eee1a94068abe-hd4.jpg,Erhard Batzdorf,
https://1x.com/images/user/a03e37359837a5cc15ea778d4aed07b8-hd4.jpg,Theo Decker,
https://1x.com/images/user/826398704397ce4808959901c18913b3-hd4.jpg,Serhii Kovbasyuk,
https://1x.com/images/user/3d6e24431f13dcecbf8ac2ebbe78f5a7-hd4.jpg,Jan Slotboom,
https://1x.com/images/user/df2924681765e92a1cd308d4079d1871-hd4.jpg,Ruben Bellanger,
https://1x.com/images/user/e66f94913165ca4d45397c4d8fbaea77-hd4.jpg,Fabrizio Micheli,
https://1x.com/images/user/7a41ca26de205621e071b2a72f569dd7-hd4.jpg,Jani Hotakainen,
https://1x.com/images/user/8dfefc27f38b5d8da3d7347e27dc3655-hd4.jpg,Ari Kordonsky,1954
https://1x.com/images/user/f576d0fc881822aaeeef5276fb6dac62-hd4.jpg,Majo Weber EP,
https://1x.com/images/user/6316efbc9647ffa8a77d7b551acdb8b0-hd4.jpg,David McCracken,
https://1x.com/images/user/7c1d75e12ffbcb973b8bab6404da3725-hd4.jpg,Andris Apshenieks,
https://1x.com/images/user/19c1edfd11c04ebf6bfeea331b40db18-hd4.jpg,GAGIK  VAGRAMYAN,
https://1x.com/images/user/6a107aed41f733914af839df8729cca0-hd4.jpg,Ruben Bellanger,
https://1x.com/images/user/0f15e0bb6dd5a8e639e6b0447d426d3e-hd4.jpg,Ari Kordonsky,1954
https://1x.com/images/user/553a22ac9fc0e90843a0930f2bd422a3-hd4.jpg,Alex Tsarfin,
https://1x.com/images/user/0bd375e7443f4a005915410dcb81d76b-hd4.jpg,Shuki Laufer,
https://1x.com/images/user/b5c9bd6ec567487cf65294cb377c76c0-hd4.jpg,daniel demunter,
https://1x.com/images/user/2bc13d382ddcee1791598a3b2ccf9c5f-hd4.jpg,Ruth Franke,
https://1x.com/images/user/453431601583cd35940c53b44407719a-hd4.jpg,Majo Weber EP,
https://1x.com/images/user/2bf0922ff21f5a3ddf0a5bca6cce1ac1-hd4.jpg,Joan Gil Raga,
https://1x.com/images/user/a73f6b57d028ddd72294f016f6de7867-hd4.jpg,Serhii Kovbasyuk,
https://1x.com/images/user/935f38ed27a766d0206269e110b15ece-hd4.jpg,daniel demunter,
https://1x.com/images/user/36bb5c0f423b4a47a047f883656b6988-hd4.jpg,Angéla Vicedomini,
https://1x.com/images/user/68d916a0733e93e5403879f9eca598af-hd4.jpg,Shuki Laufer,
https://1x.com/images/user/ecf40481199eccb92e2cf70dcfc5acf4-hd4.jpg,daniel demunter,
https://1x.com/images/user/41db6f8386c4af04add472d31c9dafa4-hd4.jpg,Vivian,
https://1x.com/images/user/aeeb36429e50db5768627deb1765d744-hd4.jpg,michel genève,
https://1x.com/images/user/a08f7474e0823a48a61c1947467f3c42-hd4.jpg,Ruben Bellanger,
https://1x.com/images/user/69cdc9abfe90fa2fbbbe9c78e81f384d-hd4.jpg,Roberto Corinaldesi,
https://1x.com/images/user/c4302e20c5e8d59f9e51074bd69a5d88-hd4.jpg,Andris Apshenieks,
https://1x.com/images/user/dfd59707f77363681ce6eb78fd478776-hd4.jpg,Guenther Koci  purephoto.at,
https://1x.com/images/user/6f2dc0a89c043f5993d26e43afcca699-hd4.jpg,GAGIK  VAGRAMYAN,
https://1x.com/images/user/c159efde533857e0bf9e7a39b7880ead-hd4.jpg,Serhii Kovbasyuk,
https://1x.com/images/user/48650edc41ffb810058ab915a2fd51fe-hd4.jpg,Joan Gil Raga,
https://1x.com/images/user/e87baa1a63cab0f152b605c9ef2af635-hd4.jpg,daniel demunter,
https://1x.com/images/user/7a256c4c6b9b71c3857272864ada6982-hd4.jpg,David McCracken,
https://1x.com/images/user/079df42de83fa154dc691e1564651dee-hd4.jpg,Alex Tsarfin,
https://1x.com/images/user/1b01f16444d5c86c4107cf91642011df-hd4.jpg,Yuri Siritsov,
https://1x.com/images/user/bba338fb902e24dcd15bc3907df346a7-hd4.jpg,Majo Weber EP,
https://1x.com/images/user/dc3feeae53be7ab1f8bbde196e8b6680-hd4.jpg,Ovi D. Pop,
https://1x.com/images/user/877614fd1fa2e738e5890971f5ffc6a8-hd4.jpg,My Muse Photography,
https://1x.com/images/user/b22d9356c4c97b2810b49de115ccbff7-hd4.jpg,Taymuraz Gumerov,
https://1x.com/images/user/495b03324829da2572920c9607117411-hd4.jpg,Joan Gil Raga,
https://1x.com/images/user/3fb75663348d9117e381139205dd4561-hd4.jpg,Angéla Vicedomini,
https://1x.com/images/user/8ff6fc170d3176fbedccb586e2d5f397-hd4.jpg,PHILIPPE GODFROID,
https://1x.com/images/user/9d1472a30784b2d687890347f2d4b345-hd4.jpg,Serhii Kovbasyuk,
https://1x.com/images/user/8ae213befb0c78688045a4b0e90b9c41-hd4.jpg,Joan Gil Raga,
https://1x.com/images/user/4c4645ed940cdad485fc04cc3dcabaad-hd4.jpg,Shuki Laufer,
https://1x.com/images/user/5f75aaf62612e892ca74cc5d2a800afe-hd4.jpg,PHILIPPE GODFROID,
https://1x.com/images/user/6c84fc224e304eeb9cbc2a3dcfaf8631-hd4.jpg,Vivian,
https://1x.com/images/user/10709c5d2062482c4364caa3d60acea6-hd4.jpg,Thierry Lagandré (Transgressed Light),
https://1x.com/images/user/6aef9e886b4aa1e42e8b65a2e8184775-hd4.jpg,Shuki Laufer,
https://1x.com/images/user/e71f395863f136822d257172bf336f39-hd4.jpg,Ruben Bellanger,
https://1x.com/images/user/5a84fcb4dee0cae1480f870725a97324-hd4.jpg,Angéla Vicedomini,
https://1x.com/images/user/e85b8ae14212519ce2d56105eabba58e-hd4.jpg,Nguyen Anh Hoang Phuc,
https://1x.com/images/user/f4b774ce1865649efa2fac7fb09e09ef-hd4.jpg,Jani Hotakainen,
https://1x.com/images/user/04850df2cce490636c0e002ad8ff9423-hd4.jpg,PHILIPPE GODFROID,
https://1x.com/images/user/1e9f359c4ae40c493db6e15b047dee2e-hd4.jpg,Davide Barzaghi,
https://1x.com/images/user/99a2063b34a04879e75ea4cc8c9db454-hd4.jpg,Shuki Laufer,
https://1x.com/images/user/25a7593b4f6c2863eeede7fc97430d44-hd4.jpg,Ruth Franke,
https://1x.com/images/user/cd9b264c0f9d5ad6ba7ff340933ab19c-hd4.jpg,Theo Decker,
https://1x.com/images/user/7ab896c8998fb6e0fc0737f047159f16-hd4.jpg,Gabriela Pantu,
https://1x.com/images/user/61265b018ac6c65ce087f193b82dff76-hd4.jpg,Majo Weber EP,
https://1x.com/images/user/caab6cfdcc487a1d960ec07dab6d3ef5-hd4.jpg,David McCracken,
https://1x.com/images/user/df73b12c94a3827afd27b3baad7738f3-hd4.jpg,Jie Fischer,
https://1x.com/images/user/e55efe71fd981e7bcee69785f827743f-hd4.jpg,Majo Weber EP,
https://1x.com/images/user/b0c5e5c23fe5df9e6d0c62b62cc1a9c5-hd4.jpg,Pascal Meerpoel,
https://1x.com/images/user/96971ea35ab83b9ecfafe0d38820939f-hd4.jpg,Serhii Kovbasyuk,
https://1x.com/images/user/0abbd16fe350aa416be401d626ae0e94-hd4.jpg,Joan Gil Raga,
https://1x.com/images/user/35367f81b9f50a7829c1a324b73cafc4-hd4.jpg,Jie Fischer,
https://1x.com/images/user/012d443c2ed731988141437ed296a22f-hd4.jpg,Jan Slotboom,
https://1x.com/images/user/d3d6e640c828b5deb5f09b64d67f2a73-hd4.jpg,Shuki Laufer,
https://1x.com/images/user/767782d22019522959d90b6b8dd62ccb-hd4.jpg,Majo Weber EP,
https://1x.com/images/user/11ff6dc3a1b82ac37e3c63120dbe6758-hd4.jpg,Ugo Grandolini,
https://1x.com/images/user/1de1f4d60b6bdd3d0de5012984b25892-hd4.jpg,Shuki Laufer,
https://1x.com/images/user/76881aa65b57317ea00981b89e5c623f-hd4.jpg,Kou Suga,1209
https://1x.com/images/user/ba6355620b1c53f8b1a2bffaa077cf78-hd4.jpg,Andris Apshenieks,
https://1x.com/images/user/b3cdee1f5f1bf40c349cdbb9cd0901f6-hd4.jpg,Yuri Siritsov,
https://1x.com/images/user/eac683b70f8e846591e0b5dacf06fdad-hd4.jpg,Serhii Kovbasyuk,
https://1x.com/images/user/4a4fd16c160431bad52edf703f7b9916-hd4.jpg,Majo Weber EP,
https://1x.com/images/user/f021d29e8cc69b3292441c80e70ece4d-hd4.jpg,Bogdan Bouşcă,
https://1x.com/images/user/17dd431767a6715cd03509f76808ad11-hd4.jpg,Eyal Alcalay,
https://1x.com/images/user/2da949fca4cbcd5dc1b1d5f6628920b5-hd4.jpg,Fabrizio Micheli,
https://1x.com/images/user/ddd24170c584150a82f911bceccda99a-hd4.jpg,Shuki Laufer,
https://1x.com/images/user/88654241a9d184cc11dd23444b4bbc97-hd4.jpg,Serhii Kovbasyuk,
https://1x.com/images/user/5d77a19e38d9d396824c3d78c8e3d9f8-hd4.jpg,Joan Gil Raga,
https://1x.com/images/user/4b8727a9a241c302ea00447237fba5fc-hd4.jpg,Onofrio Tecchia,
https://1x.com/images/user/4013f91d3fcbac7cab085dc6a326abac-hd4.jpg,Dasha_and_Mari,
https://1x.com/images/user/9588902a2891ed8875030b7d19dfe801-hd4.jpg,Onofrio Tecchia,
https://1x.com/images/user/06901ec2ad14b3f3ee133849e92fa39b-hd4.jpg,Craig Stampfli,
https://1x.com/images/user/1daec26fd177ab2fdc4a8ca5bbbcefb7-hd4.jpg,GAGIK  VAGRAMYAN,
https://1x.com/images/user/883837407ae34768bbe8ee82187f9e43-hd4.jpg,Antonio Bartczak,
https://1x.com/images/user/d4d25dddad1a5e947ed4b9df8f8dc029-hd4.jpg,Bogdan Bouşcă,
https://1x.com/images/user/bef19f85a2ab9661abb0ab64fd20a696-hd4.jpg,Yuri Siritsov,
https://1x.com/images/user/9eea7aa42ab8590769b1132759e0757e-hd4.jpg,Ugo Grandolini,
https://1x.com/images/user/bf6a2312fbf7ddc23b9882f1f1710644-hd4.jpg,Jie Fischer,
https://1x.com/images/user/2cacef8afca68a7c6599da4fef71e37e-hd4.jpg,Andris Apshenieks,
https://1x.com/images/user/305d285543f9fa2a7695e708b3707061-hd4.jpg,Alex Tsarfin,
https://1x.com/images/user/50d8a5559d3ff717894adc6ead3c1ebd-hd4.jpg,Jan Slotboom,
https://1x.com/images/user/1cc82fccbf9df420f2c72e40eb55379d-hd4.jpg,Serhii Kovbasyuk,
https://1x.com/images/user/c2391cbcad655d79402b272f754992bc-hd4.jpg,Joan Gil Raga,
https://1x.com/images/user/4b4cadc3eb0e83ac65ab5c5654cf2571-hd4.jpg,Rong Wei,
https://1x.com/images/user/d4cfea8a99460b76c275dbffe8db9f65-hd4.jpg,Itzik Rabinovitz,
https://1x.com/images/user/4e725f57a6e483994461ee05ee65e14a-hd4.jpg,rizaldjohan,
https://1x.com/images/user/2d6a17ffb85c028240cf0e7bb8e1b662-hd4.jpg,Bogdan Bouşcă,
https://1x.com/images/user/c6f89fc5f0f8ae0e5224c84126d3753d-hd4.jpg,Aik Bossink,
https://1x.com/images/user/2b1329d2d1ef8f95fe6c9417adc5f458-hd4.jpg,Marcin Sokolowski,
https://1x.com/images/user/4fb0cf48741bfb5d498726c3eee81dc8-hd4.jpg,Vivian,
https://1x.com/images/user/dc9416da5a94bcc5018163541bf87a68-hd4.jpg,David McCracken,
https://1x.com/images/user/1683b2fc2023c822ba96cd716981cbbe-hd4.jpg,Serhii Kovbasyuk,
https://1x.com/images/user/5ec704e78251b92aa8593ace86137f65-hd4.jpg,Shuki Laufer,
https://1x.com/images/user/35094101309d424407c06a7a0acc55b6-hd4.jpg,Ionut Tepele,
https://1x.com/images/user/7b40e5ab01a448d112fca03db6e3d5fd-hd4.jpg,Pascal Meerpoel,
https://1x.com/images/user/0d0edcaec5a45b8eae80a9d2c068c95e-hd4.jpg,Marcin Sokolowski,
https://1x.com/images/user/1dd2bf902718d5792fb0ec86bf12a265-hd4.jpg,Fabrizio Micheli,
https://1x.com/images/user/5507422f9abdda392c3d20af3687e877-hd4.jpg,Vivian,
https://1x.com/images/user/dafc4275c70931f8876e64ced9f99def-hd4.jpg,Theo Decker,
https://1x.com/images/user/8aacbc4cadf3280a7d507fb0101e9baa-hd4.jpg,Davide Barzaghi,
https://1x.com/images/user/515d74143dd08547ab68cf0c6277fd57-hd4.jpg,Tomoki Ishikawa,
https://1x.com/images/user/d43e1837714e72ebd4948990b2c5b1a2-hd4.jpg,Erhard Batzdorf,
https://1x.com/images/user/2b2992aedeb592fc77dfdfa316749997-hd4.jpg,Joan Gil Raga,
https://1x.com/images/user/059b8e19abca986bb3977cd31bdc15e9-hd4.jpg,rizaldjohan,
https://1x.com/images/user/691fee3540e3362db0f359ba987f1fed-hd4.jpg,Jan Slotboom,
https://1x.com/images/user/53e9f98711abc0f84b1557613503c803-hd4.jpg,Shuki Laufer,
https://1x.com/images/user/9961b508f4a4ab5c2de1af05b966d924-hd4.jpg,Serhii Kovbasyuk,
https://1x.com/images/user/504a113622d0ab3c5946467bd2a5c25c-hd4.jpg,Onofrio Tecchia,
https://1x.com/images/user/ff3e06dba8ab630af07384824108639b-hd4.jpg,Fabrizio Micheli,
https://1x.com/images/user/48c2ca011ed5d6e4640f41310988c736-hd4.jpg,Vivian,
https://1x.com/images/user/5ae009e64453fd373a3bb43b1f2ba3e8-hd4.jpg,Davide Barzaghi,
https://1x.com/images/user/7c02ef59f310830d0891b67c30ef8d13-hd4.jpg,YASUTOSHI HONJO,
https://1x.com/images/user/238162b20caa0336e5472e0dfba07ce8-hd4.jpg,Andris Apshenieks,
https://1x.com/images/user/421e21be80e0ad2421972861471429e3-hd4.jpg,Angéla Vicedomini,
https://1x.com/images/user/2c6dc440f5a9b7ed7f3c9b9703c2352f-hd4.jpg,Onofrio Tecchia,
https://1x.com/images/user/6a9b585b690109df92f9e5fcbe10ff64-hd4.jpg,Vivian,
https://1x.com/images/user/56aae46b68e7438403b5284ab332980f-hd4.jpg,David McCracken,
https://1x.com/images/user/7a4011d96b849763df4de18599122d52-hd4.jpg,Shuki Laufer,
https://1x.com/images/user/ef68cca3d68db7d11bac0938088962b1-hd4.jpg,Serhii Kovbasyuk,
https://1x.com/images/user/d126600ddf4bc08450356d8960779ec2-hd4.jpg,Serhii Kovbasyuk,
https://1x.com/images/user/b6f406d393ef0599d00db4cebcbedf44-hd4.jpg,Elena Molina,
https://1x.com/images/user/def19017adb9b7d7c7b8d49d3b339713-hd4.jpg,Normunds Kaprano,
https://1x.com/images/user/2aa60f5333cab753c82d1daa75ddb661-hd4.jpg,Andris Apshenieks,
https://1x.com/images/user/7867657ce2c05aa5815bce17674065cb-hd4.jpg,Jan Slotboom,
https://1x.com/images/user/2093dbd5c93dd52fc38ed89b8ed312ab-hd4.jpg,Ugo Grandolini,
https://1x.com/images/user/d3469d2726320bdd9d2a27c576f5f869-hd4.jpg,Taymuraz Gumerov,
https://1x.com/images/user/921f09c44f80e5ae8ae921acfde04979-hd4.jpg,Shuki Laufer,
https://1x.com/images/user/94ccbba957f970b76c77ff3045f768df-hd4.jpg,Ionut Tepele,
https://1x.com/images/user/dbac3047f4c76c00f8c2baa814f99c97-hd4.jpg,Jorge Kánovas,
https://1x.com/images/user/ee2b1bda3c612a2b85a71a8b53281cc3-hd4.jpg,Davide Barzaghi,
https://1x.com/images/user/37d5deca076a4536b1966dfd1019a7ff-hd4.jpg,Antonio Bartczak,
https://1x.com/images/user/02d1b0366c2a63e4cf8135f9d925c5dd-hd4.jpg,Andris Apshenieks,
https://1x.com/images/user/91d075be6114fdd1770b6bf9a725299e-hd4.jpg,Bruce Li,
https://1x.com/images/user/eb7627b86c9d6263733b6681da607a61-hd4.jpg,Joan Gil Raga,
https://1x.com/images/user/30de475d3eb0f686359995576a02b090-hd4.jpg,Onofrio Tecchia,
https://1x.com/images/user/f203e3f1f4668a9d36d93b5a2a3e5166-hd4.jpg,Yaacov,
https://1x.com/images/user/bf02e242b88db9579c50337446404ec3-hd4.jpg,Ugo Grandolini,
https://1x.com/images/user/6525d9048fda54685522d93e67cd6fd9-hd4.jpg,Serhii Kovbasyuk,
https://1x.com/images/user/ab02c29c272771eb377467ce90054c6e-hd4.jpg,Shuki Laufer,
https://1x.com/images/user/34a8bf4288ed637546a4328c2c2b6f57-hd4.jpg,Bogdan Bouşcă,
https://1x.com/images/user/00d62ccfab58b914b0aee669da6bb650-hd4.jpg,David McCracken,
https://1x.com/images/user/bfc9447b59e784cdd69d37739e81ed63-hd4.jpg,Zaom Eighty,
https://1x.com/images/user/a718c90fa20ce79074a77fc0bfc3a9cf-hd4.jpg,Andris Apshenieks,
https://1x.com/images/user/7ac8ce1a8a65c81b13b5352f5b35eb10-hd4.jpg,Ugo Grandolini,
https://1x.com/images/user/40a3c1e55812aacb75e57692570d9f65-hd4.jpg,Ruth Franke,
https://1x.com/images/user/769558f6b6ab3aa5097d7ae0f28f51ad-hd4.jpg,Marcin Sokolowski,
https://1x.com/images/user/ff65f477ae7326cbbf3eb32ea885646f-hd4.jpg,Aik Bossink,
https://1x.com/images/user/40e5ed9c658d565c22fc3e37841f0a40-hd4.jpg,Makoto/S,
https://1x.com/images/user/8e592537063632c641ccb7aa8de4d00b-hd4.jpg,Yaacov,
https://1x.com/images/user/b7bfc578cb3b2551e67c325ee7d46185-hd4.jpg,Bogdan Bouşcă,
https://1x.com/images/user/be2d046d1d86ea3782fdae20d9329537-hd4.jpg,Shuki Laufer,
https://1x.com/images/user/4286feff0709b8f7cc841c92453a0f80-hd4.jpg,Joan Gil Raga,
https://1x.com/images/user/72dcfdb9c06a1492ae0378e0c4773a2b-hd4.jpg,Serhii Kovbasyuk,
https://1x.com/images/user/dc1040cf73b596f3ccd714d1749efa0f-hd4.jpg,Jani Hotakainen,
https://1x.com/images/user/5ade8baa8a6fd38261a016effc962844-hd4.jpg,Andris Apshenieks,
https://1x.com/images/user/c7a517b573371a40c3fed4a6ec313fc2-hd4.jpg,Andris Apshenieks,
https://1x.com/images/user/23053d2bead72a4633af4fd537fca022-hd4.jpg,Ruth Franke,
https://1x.com/images/user/3d8af74df95ad7e49f05973a5fb31687-hd4.jpg,Shuki Laufer,
https://1x.com/images/user/8989eb36cf2e2a1e34fef73f00db3b73-hd4.jpg,Fabrizio Micheli,
https://1x.com/images/user/52742ae108e829ef3cbba54f1bfa55b9-hd4.jpg,David McCracken,
https://1x.com/images/user/1a134e446fca6f290648bf5906f7b07b-hd4.jpg,Theo Decker,
https://1x.com/images/user/efcc8bed5f2968b5ac7805a6edf7f96c-hd4.jpg,Joan Gil Raga,
https://1x.com/images/user/d4e0f7bb99179baf842a1a8d55611a1c-hd4.jpg,Serhii Kovbasyuk,
https://1x.com/images/user/de48b9d58ad789def0f5fa3c4b4bd92f-hd4.jpg,Majo Weber EP,
https://1x.com/images/user/09fca9baec2431b9c9de8d995ccfdb15-hd4.jpg,Normunds Kaprano,
https://1x.com/images/user/98d13e1d27de7123a60288d162a308d2-hd4.jpg,Svetlana Kirzh,
https://1x.com/images/user/8e3bc01e7dce8dc3e0eccaad68425cf3-hd4.jpg,Saeed Barzegar,
https://1x.com/images/user/14f5d4819e40326b611c12d0ae6ff7c7-hd4.jpg,Shuki Laufer,
https://1x.com/images/user/67590f03205b192391dd19d836cfcde9-hd4.jpg,Serhii Kovbasyuk,
https://1x.com/images/user/dfdc71fe90574d0ae3e46131076a73d4-hd4.jpg,Ari Kordonsky,1954
https://1x.com/images/user/0d24ab6d12a01ed98a573aa6cccff2cf-hd4.jpg,Ugo Grandolini,
https://1x.com/images/user/2c65db47171dd2365f5ac90db71091cc-hd4.jpg,Fabrizio Micheli,
https://1x.com/images/user/1d06a6a3adf631dcced4dd75ae0a3894-hd4.jpg,Majo Weber EP,
https://1x.com/images/user/6f4902e735e620e0b09cf7268417ba00-hd4.jpg,Normunds Kaprano,
https://1x.com/images/user/05ceaa60fcec87474ac341aada909345-hd4.jpg,Shuki Laufer,
https://1x.com/images/user/fad4076f5973eb0546a5e264862a2795-hd4.jpg,Hardik Pandya,
https://1x.com/images/user/b6687b490a16fd4d20be92fdbcc6911f-hd4.jpg,PHILIPPE GODFROID,
https://1x.com/images/user/80b6efee8b15ab0c172b8972f6292150-hd4.jpg,Bogdan Bouşcă,
https://1x.com/images/user/03c6305f72af5a5b6276e79539efd128-hd4.jpg,Shuki Laufer,
https://1x.com/images/user/00da1b076b2a7177bf45fb1c1d4c028a-hd4.jpg,T2K,
https://1x.com/images/user/556b7f727ecf9421b519f5df5b73df36-hd4.jpg,Theo Decker,
https://1x.com/images/user/f488d4edd430420db4f230245fa8ff00-hd4.jpg,Don Bodat,
https://1x.com/images/user/3cb3199d505d734011a4a6b24df87bf8-hd4.jpg,Angéla Vicedomini,
https://1x.com/images/user/3d3d03491be76af8db28a057c0012b05-hd4.jpg,Erhard Batzdorf,
https://1x.com/images/user/69d0d79082c04bd349e65027004adb62-hd4.jpg,Shuki Laufer,
https://1x.com/images/user/0c538445083fe48e2a3f27ac879f8da0-hd4.jpg,michel genève,
https://1x.com/images/user/7814d0d8b19f080db15454a73dcd15fb-hd4.jpg,Fulvio Pellegrini,
https://1x.com/images/user/cc3ecfc0aae1c8abaf1f39b10c9429b7-hd4.jpg,Serhii Kovbasyuk,
https://1x.com/images/user/ce74be461caf19ab041a967464bf0495-hd4.jpg,Joan Gil Raga,
https://1x.com/images/user/2b414a8cab3df25229820325eb235556-hd4.jpg,Zaom Eighty,
https://1x.com/images/user/9a96beb518152aa9fbaaaae7872b5cbb-hd4.jpg,Carlo Joseph,
https://1x.com/images/user/db144e0ba005c67223efada9ab007dd6-hd4.jpg,Thanakorn Chai Telan,
https://1x.com/images/user/368211a15710bd134355534b21717e82-hd4.jpg,Hardik Pandya,
https://1x.com/images/user/8c592cfea0e16283bdf3ed07dbcdacd6-hd4.jpg,Colin Dixon,
https://1x.com/images/user/d147b34d41e6140efed05aa08008bf28-hd4.jpg,Bogdan Bouşcă,
https://1x.com/images/user/eaf059ff0c3eaccf2a11e21182151acd-hd4.jpg,Ovi D. Pop,
https://1x.com/images/user/401e7f21c54f6308c8501f33ccf2ebc4-hd4.jpg,PHILIPPE GODFROID,
https://1x.com/images/user/c239153e0eec4df6c54a0967f50cd8b7-hd4.jpg,Fabrizio Micheli,
https://1x.com/images/user/940fdf57f4f4da7618f1b24854425eec-hd4.jpg,Jan Slotboom,
https://1x.com/images/user/e85b9dcd87644e72f6d5d8b39899841e-hd4.jpg,Daria Tsyban,
https://1x.com/images/user/40051be9748116854094ce10338b9a9e-hd4.jpg,Guenther Koci  purephoto.at,
https://1x.com/images/user/0379247c4141fa2b7e0ee3ca497ba6a9-hd4.jpg,Taymuraz Gumerov,
https://1x.com/images/user/97e7d8fb304078174d26fae13f03b4ca-hd4.jpg,Normunds Kaprano,
https://1x.com/images/user/4f0ec8237fc63007653c86fdb6ccf415-hd4.jpg,Lukas Kaminski,
https://1x.com/images/user/0ac282387f7659e38387e67eddbb64ae-hd4.jpg,Eyal Alcalay,
https://1x.com/images/user/e667c08ad5e0dc95d4a9159587375c7b-hd4.jpg,boss,
https://1x.com/images/user/427e09238168348ff205d944bd6dcd08-hd4.jpg,Antonio Bartczak,
https://1x.com/images/user/8bd56328f33e2264ce4573d0804ccf4d-hd4.jpg,Serhii Kovbasyuk,
https://1x.com/images/user/80e555e3cef32ffffa2c970ed9cd7321-hd4.jpg,daniel demunter,
https://1x.com/images/user/36c4336d1e2dbfa67e8e498c08e28d5f-hd4.jpg,Yaacov,
https://1x.com/images/user/0289b56644965ff2622eb928ad9dc05b-hd4.jpg,Ovi D. Pop,
https://1x.com/images/user/16e296558456803cb048ce6b14f5538e-hd4.jpg,Colin Dixon,
https://1x.com/images/user/aa2c4d569a8c53d7e393f6e8879235ee-hd4.jpg,Andris Apshenieks,
https://1x.com/images/user/93d256b3cc13d6ddedf146c09f79cb53-hd4.jpg,Zaom Eighty,
https://1x.com/images/user/2641392e6ffa881169910f9fa6376306-hd4.jpg,YASUTOSHI HONJO,
https://1x.com/images/user/5e9659e5d986defe66ccf472f9767380-hd4.jpg,Joan Gil Raga,
https://1x.com/images/user/b1d348e1222e7c80b6678b9380c8417b-hd4.jpg,Hardik Pandya,
https://1x.com/images/user/9a586ac80506cde3f9f2649227c6fec6-hd4.jpg,Alex Tsarfin,
https://1x.com/images/user/9cb73e27cb7c6c781e7cc5cc2f251499-hd4.jpg,boss,
https://1x.com/images/user/9ca49b2afb993e918f70063a099a773e-hd4.jpg,Shuki Laufer,
https://1x.com/images/user/8482b912fd7309bcee44093f05bc837f-hd4.jpg,Fulvio Pellegrini,
https://1x.com/images/user/d3494e6412b8a1dd7d95096c80e5f895-hd4.jpg,Angéla Vicedomini,
https://1x.com/images/user/5cfbbf3304403647677df1b306cba53f-hd4.jpg,Serhii Kovbasyuk,
https://1x.com/images/user/9d15f7b7d82172575f9049021c6a42bc-hd4.jpg,daniel demunter,
https://1x.com/images/user/959aa52b1c1206c6a31acdb64629d9e0-hd4.jpg,Jan Slotboom,
https://1x.com/images/user/dffe70d6cc29154e13723cccbb3da9e9-hd4.jpg,PHILIPPE GODFROID,
https://1x.com/images/user/9b2050d433db2b12b2f369156c7645ed-hd4.jpg,Colin Dixon,
https://1x.com/images/user/e2718b5803eda487c65ad045bd27bccb-hd4.jpg,SOUMYA MONDAL,
https://1x.com/images/user/5f3ccda62c2d0cc6a992c1c2a2a54672-hd4.jpg,Majo Weber EP,
https://1x.com/images/user/cf47f50be6c60a4ffef62ec3be90158d-hd4.jpg,Shuki Laufer,
https://1x.com/images/user/39adc9db27167c62d4b8ffd35b6d4c7c-hd4.jpg,Serhii Kovbasyuk,
https://1x.com/images/user/9143eead12128cf32c41930060d225db-hd4.jpg,Onofrio Tecchia,
https://1x.com/images/user/7bd3eda95465172cca9f9b3d9e229a3f-hd4.jpg,boss,
https://1x.com/images/user/81b5b40755ff31becf936667005ecdad-hd4.jpg,Joan Gil Raga,
https://1x.com/images/user/ab947f5d3344394943048a657bc935c3-hd4.jpg,Normunds Kaprano,
https://1x.com/images/user/1f98d72698a60568e475f135b95b90e4-hd4.jpg,Fabrizio Micheli,
https://1x.com/images/user/8c21fec60674ffdb0128ed299b9d8e15-hd4.jpg,David McCracken,
https://1x.com/images/user/42e37deb425c52747223e5d2dc28a905-hd4.jpg,PHILIPPE GODFROID,
https://1x.com/images/user/57c3199bee244e6fc7985bd450ff035b-hd4.jpg,Ruth Franke,
https://1x.com/images/user/377fe306626254c121c5b1889cf337ac-hd4.jpg,Don Bodat,
https://1x.com/images/user/b3f869ce1dea3c03a1caf3b77d8ddfe7-hd4.jpg,Colin Dixon,
https://1x.com/images/user/a27758466e93c981e6212e85e91ef1e4-hd4.jpg,boss,
https://1x.com/images/user/ee498459eda39ac1278e424d4ad3f8a2-hd4.jpg,Serhii Kovbasyuk,
https://1x.com/images/user/eac08a1a5835d1369ac925cc60f1fa93-hd4.jpg,Majo Weber EP,
https://1x.com/images/user/28b5bc7b7ab3d71e212cde673dd69272-hd4.jpg,Shuki Laufer,
https://1x.com/images/user/2fbbff7a467d80baac4856c0463b4219-hd4.jpg,Majo Weber EP,
https://1x.com/images/user/b1fe42b3b4dd480841014c23788941e2-hd4.jpg,Andris Apshenieks,
https://1x.com/images/user/3fb70e9f76dbf59abd2b2324fcac7e63-hd4.jpg,Alex Tsarfin,
https://1x.com/images/user/975a243465ce0beab64d5d038d8d1515-hd4.jpg,Shuki Laufer,
https://1x.com/images/user/2def85021258f4dde325d90195b3d2ec-hd4.jpg,Bogdan Bouşcă,
https://1x.com/images/user/b12d58d216915115faec8a9bf20d9311-hd4.jpg,Alexandru Crisan,
https://1x.com/images/user/a682e49cf0c9400354ea32a3ce33c9b1-hd4.jpg,Serhii Kovbasyuk,
https://1x.com/images/user/768fe6f5e54e7e9ca052f67cef3afdb6-hd4.jpg,Colin Dixon,
https://1x.com/images/user/22ba5bd23d02b660fa59615bdea88837-hd4.jpg,Bogdan Bouşcă,
https://1x.com/images/user/b9f6aa11a2cf30c236217a116ec5f3ad-hd4.jpg,Don Bodat,
